log_id,user_id,ip_address,device,location,search_query,timestamp
1,390,188.113.24.239,Android,Garciaview,Career condition authority case.,2026-01-03 06:55:53.306493
2,695,66.63.7.146,Android,Lesliefurt,Strategy network very.,2026-02-08 17:12:01.792224
3,868,210.209.48.29,Laptop,Krystalview,Baby benefit at measure way help.,2026-03-25 02:06:27.844530
4,178,189.77.108.112,iPhone,Port Loristad,Fear movement store interest.,2026-01-04 01:59:23.261624
5,182,183.179.88.202,Android,South Ivan,Strong add continue everybody win age.,2026-03-25 14:56:19.386736
6,697,105.2.146.97,Android,Jonesshire,Institution never voice improve even.,2026-02-20 19:08:55.864297
7,921,91.169.136.50,iPhone,Lake Christopherville,Half structure difficult.,2026-02-15 14:17:23.259723
8,136,139.156.128.114,iPhone,Lake John,Amount wall behavior.,2026-02-04 23:49:38.175787
9,766,119.1.152.238,Android,Lewisbury,Color rock old.,2026-03-26 18:49:35.323370
10,8,23.8.79.180,Android,Michaelville,Analysis high glass politics democratic official.,2026-02-04 22:29:58.488698
11,309,149.82.6.206,Android,Sandersbury,Traditional girl form.,2026-02-04 20:41:54.015568
12,647,167.43.37.55,iPhone,Liuberg,Allow country letter safe.,2026-03-07 08:07:02.072519
13,807,14.28.199.220,iPhone,East John,Anyone stock money ahead manage chance.,2026-03-24 14:05:45.049681
14,366,47.117.132.221,Android,Oliviaburgh,Into view degree choice.,2026-02-26 00:52:44.269022
15,84,25.19.100.64,iPhone,Zunigaview,Memory material hotel director clear yes.,2026-03-09 19:13:24.026435
16,535,121.240.245.18,iPhone,Jessicabury,Executive life ten rich our.,2026-02-03 11:57:05.346533
17,490,141.26.231.14,Laptop,West Danielleside,Order compare fish all receive.,2026-02-04 19:20:33.764238
18,899,90.5.216.94,Laptop,Villegasville,Sense man wind right five thus.,2026-02-17 04:11:04.124691
19,331,191.243.244.118,Laptop,Johnsonview,City say option campaign success about begin.,2026-03-25 11:32:03.540006
20,298,184.161.81.120,Tablet,Lake Scottstad,Simple many real peace.,2026-01-27 10:34:40.214603
21,765,212.150.33.54,Tablet,New Sarahhaven,Common through hour share especially.,2026-03-09 19:58:48.722590
22,598,188.68.82.230,Android,South Johnland,Box form air second important growth.,2026-01-22 03:38:14.558450
23,675,44.11.190.41,Android,South Marktown,Modern example sign structure physical.,2026-03-03 10:59:17.699511
24,262,94.180.251.175,Laptop,East Vanessa,Within role first new.,2026-03-01 21:23:17.761848
25,272,184.245.172.42,Android,Mckinneyton,Partner painting table us always.,2026-03-03 05:50:24.878957
26,922,190.41.167.214,Android,Port James,Goal as toward.,2026-03-12 15:23:36.531607
27,898,44.170.19.58,iPhone,West Carolinehaven,Some popular step consumer appear line.,2026-03-30 06:39:22.624572
28,170,67.61.108.219,iPhone,North Jasonville,Live might investment.,2026-02-21 23:00:56.061337
29,622,148.69.62.146,iPhone,North Reneestad,Whose official world.,2026-03-09 11:23:30.926102
30,285,164.220.41.227,iPhone,Port Matthew,Already common blood doctor letter.,2026-01-04 23:50:01.017368
31,248,80.2.66.34,Android,Castilloville,Tv peace simple.,2026-03-28 07:56:16.404481
32,447,118.216.181.149,iPhone,Blanchardburgh,Land these discussion.,2026-02-08 22:09:18.343816
33,137,164.232.67.217,iPhone,Ericksonbury,Maintain account lot behavior.,2026-02-22 11:12:00.797115
34,37,25.205.141.26,Laptop,South Kaylaberg,Least guess throughout of Mr.,2026-03-02 09:22:43.064400
35,300,16.140.107.196,Laptop,Robertsview,Save teach concern significant.,2026-02-11 00:44:59.232180
36,359,69.214.38.237,Tablet,South Francesbury,Just sport administration seem.,2026-03-04 09:20:50.606475
37,131,89.166.139.73,Tablet,West Toni,Color visit image city day.,2026-02-17 22:44:48.521879
38,439,177.209.184.255,iPhone,Lake Jimmyview,Chance check operation attorney shoulder evening.,2026-01-07 13:51:45.708729
39,158,42.41.134.137,iPhone,Timothyborough,Trouble wall future really.,2026-01-01 03:03:53.967938
40,631,152.242.152.47,Tablet,Trevinostad,Reveal great great they goal drug.,2026-03-09 18:01:53.052425
41,261,142.237.79.33,Laptop,Port Regina,Else foot either you.,2026-03-21 03:24:51.597806
42,205,113.166.84.17,Android,Lake Jasonfort,Us own deep.,2026-03-23 15:09:35.784125
43,233,152.141.146.67,Tablet,Hicksmouth,General idea beat.,2026-03-22 03:40:46.832622
44,442,138.58.34.151,Laptop,Penamouth,Throughout another artist partner and occur.,2026-03-09 16:10:57.946680
45,593,137.109.165.140,Laptop,West Juliabury,Eat bad instead race meet standard.,2026-01-28 12:20:59.913373
46,874,193.244.160.88,iPhone,Port Brandi,Single fight address spring.,2026-03-31 04:42:14.299693
47,670,154.14.124.216,Android,South Christopherhaven,Thank adult anyone improve window line.,2026-03-27 21:38:54.121432
48,564,75.133.172.113,iPhone,Johnstonfurt,Particularly exist some.,2026-01-11 02:03:46.225339
49,234,108.186.32.38,Android,Bennettville,Computer card side everyone.,2026-02-01 05:27:04.057800
50,279,153.226.128.211,iPhone,Port Joanna,Worker across number live.,2026-03-03 23:28:44.541068
51,496,159.163.151.122,Laptop,West George,Control power someone woman.,2026-02-02 20:23:37.182619
52,34,149.232.252.81,Tablet,Port Angela,Investment direction spring.,2026-03-26 02:45:52.327736
53,381,107.104.166.79,iPhone,Butlerport,Candidate people company store wife.,2026-02-04 04:11:01.596449
54,654,119.3.211.151,Laptop,East Robertshire,Cultural last strong save culture.,2026-03-18 10:41:34.736635
55,889,167.105.44.70,iPhone,Heatherfort,Cost throughout relationship.,2026-02-17 00:43:13.877133
56,152,218.213.191.30,Tablet,South Jasonberg,Control at president brother pretty.,2026-01-05 14:21:25.560534
57,328,114.181.101.169,Android,Port Steven,Wear southern item.,2026-03-28 15:56:25.098117
58,588,190.215.115.219,Tablet,Jasonburgh,Court western can.,2026-01-18 08:16:52.656434
59,186,65.78.170.206,Android,Lake Justintown,Word example hard network election none.,2026-02-25 19:40:32.088051
60,915,206.4.249.18,Laptop,South Jonathan,Operation ground such.,2026-03-21 03:53:12.190293
61,820,209.41.144.89,Laptop,North Erin,Others turn present action deal.,2026-02-16 07:20:37.682910
62,186,186.101.84.26,Android,Port Taylor,Of ago past include when.,2026-03-07 09:58:23.534578
63,721,44.195.65.213,Laptop,Jonesburgh,Remain against nature.,2026-03-15 14:59:16.040349
64,324,150.17.30.84,iPhone,West Shannon,Perhaps until chair other.,2026-03-07 18:03:47.649389
65,143,144.171.126.176,Android,Lewisbury,President account south experience.,2026-02-13 15:37:04.587066
66,302,199.28.243.104,Tablet,Eduardoport,Resource reveal season onto.,2026-01-23 10:30:13.064374
67,617,92.118.88.30,iPhone,East Bryan,Pm various character development.,2026-01-26 21:06:14.081977
68,965,128.213.114.200,Android,Lake Michael,Visit shoulder eye nature plant thought.,2026-01-14 08:34:51.914277
69,131,192.115.121.231,Laptop,Micheleshire,Walk form left somebody save place.,2026-03-20 07:35:13.811957
70,751,161.133.185.210,Android,Lake Thomasshire,Describe two why occur company.,2026-01-28 01:33:00.202706
71,279,204.241.252.169,iPhone,Sheilafort,Sit end white.,2026-01-30 17:49:03.637554
72,136,112.157.59.106,Android,Lake Thomasville,Always minute training fast trouble speech.,2026-02-17 07:52:25.802019
73,758,117.46.80.245,Android,Port Michelefurt,Wait never gun may.,2026-03-21 13:29:04.165524
74,344,185.186.122.40,Tablet,Lake Kelly,Partner three man and.,2026-02-25 04:11:10.547779
75,804,51.165.189.14,Android,Bowmanville,Culture kid current.,2026-01-28 04:26:59.436552
76,938,125.41.9.206,Android,West Melissaberg,Again light decide.,2026-01-04 06:02:53.737692
77,440,2.145.99.30,Android,East Jayfurt,Ok machine news.,2026-02-27 17:24:19.951125
78,156,73.15.90.231,Android,West Vincentmouth,Lawyer now happy section day.,2026-03-25 12:17:23.999705
79,170,194.198.213.68,Laptop,Chenside,Talk player without too past yard.,2026-03-20 22:20:56.726154
80,819,8.252.240.114,Tablet,South Thomas,President economic particularly improve brother best.,2026-01-25 19:48:55.810501
81,490,79.93.97.144,iPhone,Pambury,Eat forget form.,2026-03-07 01:33:49.345618
82,472,105.138.152.69,Android,New Jessicaburgh,Sport economic teach research suffer.,2026-02-16 05:16:58.677853
83,324,113.238.82.211,Android,Schwartzmouth,Its soon form surface argue.,2026-01-20 23:04:24.302193
84,500,91.186.226.38,Laptop,South Elizabeth,East whether sometimes.,2026-02-28 08:40:42.883226
85,142,86.158.229.96,Tablet,Kelliborough,Serve particular discuss.,2026-01-08 20:46:09.241975
86,442,107.171.140.3,iPhone,Hannahberg,Collection share less and process.,2026-01-04 19:15:57.042867
87,525,3.27.223.43,Tablet,Caseyland,Involve many mouth.,2026-01-02 22:41:09.021315
88,777,104.118.86.35,Laptop,North Samuel,Fall argue modern Republican.,2026-01-26 05:04:55.989185
89,853,87.85.206.67,Laptop,South Justin,Important pick discover.,2026-01-19 06:47:42.452698
90,608,183.104.147.117,Laptop,West Pennystad,Up region mean science shake teacher.,2026-03-08 13:11:26.738554
91,907,15.233.228.213,Tablet,Maldonadoport,Cover then southern responsibility out.,2026-02-02 00:24:08.827520
92,648,41.68.99.45,iPhone,Joelmouth,Evening whatever from account.,2026-03-13 07:26:32.279989
93,947,70.35.127.180,iPhone,Sheilaport,Century dream perhaps.,2026-02-27 21:11:20.657425
94,303,37.25.75.157,Tablet,East Sherrimouth,Go two office race bad government.,2026-02-03 15:04:03.755429
95,380,76.62.203.45,Android,Manuelburgh,Example reality reality.,2026-03-28 10:28:52.679928
96,564,162.6.160.191,iPhone,Millsmouth,Owner left unit dark specific.,2026-03-06 02:22:17.774159
97,849,25.155.37.133,Tablet,West Brentberg,Leg end my modern prevent ability.,2026-02-20 19:29:18.268224
98,420,8.125.81.210,Laptop,Michaelberg,Easy bar real.,2026-01-17 01:46:34.295208
99,807,184.97.74.1,Laptop,South Dawn,Rise toward within ask.,2026-03-22 19:45:41.045696
100,726,128.61.100.15,iPhone,South Deniseville,Modern first wide.,2026-03-16 09:28:30.026183
101,81,80.111.134.129,Laptop,East Gail,In television away action image.,2026-03-25 18:40:11.774016
102,235,164.226.90.13,Laptop,Lauraside,Land involve step high.,2026-01-09 17:17:26.451887
103,559,208.119.139.63,Tablet,Michellestad,Front person they.,2026-03-16 18:33:44.535805
104,226,46.212.46.4,Tablet,New Feliciamouth,Agent large serve.,2026-02-17 02:31:50.293742
105,965,154.167.120.72,Tablet,East Amandabury,Size social almost.,2026-03-17 03:54:32.141116
106,539,187.44.238.150,Tablet,Jodiland,Group avoid certain.,2026-02-16 01:17:10.398854
107,771,18.71.182.46,Tablet,Justinville,Owner spring pressure than operation seek.,2026-01-17 20:48:36.358830
108,457,153.219.164.146,iPhone,East Victoria,Take discover them.,2026-02-28 17:56:28.990347
109,121,142.106.147.228,Android,East Randybury,Cell sense quickly same.,2026-01-01 10:06:20.581192
110,662,54.41.178.103,Laptop,North Lindsay,Into score serve these.,2026-03-17 14:38:20.223721
111,277,187.203.162.171,iPhone,Morganmouth,Sound protect response image family.,2026-02-14 12:01:39.369093
112,967,89.90.128.96,iPhone,East Shannon,Buy task you.,2026-02-21 20:19:48.266222
113,276,76.176.131.168,Android,South Ashley,Spring long dinner.,2026-02-07 11:28:27.063665
114,583,211.164.245.143,iPhone,Crystalshire,Analysis heart go money seem.,2026-02-02 03:25:46.007398
115,857,137.125.123.222,Android,East Clarence,Continue he prevent.,2026-01-18 22:32:28.404305
116,603,159.188.115.209,Android,Richardsonland,Process design machine.,2026-03-16 00:58:20.154798
117,191,50.204.108.228,Android,Jacksonport,Point finally television.,2026-01-30 18:41:20.405645
118,940,203.121.35.156,iPhone,New Melissaburgh,Environmental understand know newspaper.,2026-02-17 23:10:17.144552
119,714,173.237.12.107,Laptop,North Christina,Voice customer job.,2026-01-18 03:08:10.716579
120,989,87.121.173.106,iPhone,South Andrew,Fund mission ability.,2026-03-17 13:31:36.658520
121,751,23.105.26.31,Android,West Elizabethhaven,Sort coach in enough.,2026-03-05 23:28:05.649851
122,215,63.47.185.71,Tablet,North Matthewhaven,Nature why value central.,2026-01-03 15:15:54.413319
123,137,63.103.201.37,Android,New Chrisfurt,Officer party rule just cultural.,2026-02-03 07:27:48.027421
124,67,45.209.142.18,Android,North Joseph,Individual night perform.,2026-01-26 10:02:50.231822
125,151,75.54.47.192,iPhone,Padillaview,Detail sport suggest.,2026-03-20 13:20:18.250936
126,660,78.204.7.166,Laptop,East Matthewland,Student play wall I huge.,2026-01-21 16:42:27.494200
127,701,1.53.130.165,iPhone,South Robert,Play enter indicate amount.,2026-01-22 18:10:13.239187
128,841,108.153.197.36,iPhone,Lake Rachelton,Author fine first instead others wonder.,2026-02-26 23:14:21.221612
129,817,44.64.108.105,Tablet,Wyattchester,Appear society these evidence sometimes.,2026-01-07 16:33:41.835786
130,658,182.198.3.181,Laptop,North Pennystad,When region test second modern.,2026-01-22 03:17:51.245143
131,608,118.61.204.193,Laptop,Port Taylor,Team enjoy speak beautiful.,2026-03-07 00:15:10.298323
132,550,134.171.125.174,Laptop,Lake Margarettown,Open outside trouble.,2026-01-20 12:07:54.169526
133,640,69.195.106.154,iPhone,Port David,Scientist away daughter newspaper.,2026-03-03 03:17:55.651131
134,380,92.231.164.9,Android,Torresbury,Act read wind price crime.,2026-01-24 07:00:48.235265
135,844,123.80.204.229,Laptop,Lake Michaelview,Administration far order.,2026-01-18 23:59:40.524729
136,60,199.148.222.174,Laptop,Port Kristiton,Can ok traditional live discussion.,2026-03-02 23:13:25.508392
137,265,155.217.145.178,Tablet,Brandonview,Part station author.,2026-01-27 21:15:33.601937
138,950,12.134.144.178,Tablet,Port Troy,Social provide step eye stay while.,2026-02-15 08:09:44.599342
139,945,208.112.155.20,Laptop,Lake Courtneyfurt,Exist two debate range address idea.,2026-03-16 14:52:38.632157
140,857,213.241.11.229,iPhone,East Veronicashire,Piece course war offer think agreement.,2026-03-16 20:06:15.242779
141,28,1.146.102.84,Android,Stevenmouth,Safe sit indicate surface indeed.,2026-03-03 13:55:53.754168
142,574,167.36.15.27,Laptop,Jamesshire,Marriage affect glass century.,2026-03-29 10:01:40.718962
143,483,215.209.58.202,Tablet,New Johnhaven,Leg occur throw require mention point.,2026-01-31 19:14:09.817839
144,993,11.190.48.232,iPhone,Hernandezborough,Church similar often.,2026-03-02 07:52:56.446435
145,823,42.59.125.171,Laptop,Esparzaberg,Lot series firm.,2026-01-06 21:17:50.764578
146,845,136.171.142.247,Laptop,West Amyborough,Open character scene star financial unit.,2026-03-25 00:39:47.739757
147,919,30.74.92.66,Laptop,East Nicoleshire,Event either wish economy.,2026-01-15 10:45:26.465089
148,475,22.80.54.173,Android,Lake Brandonmouth,Newspaper important time around just.,2026-01-03 20:11:57.024291
149,538,137.66.81.94,iPhone,North Kevin,Well increase focus local prevent maintain.,2026-03-06 14:30:36.442415
150,329,53.67.219.124,iPhone,Christopherburgh,Owner many small attack.,2026-02-24 07:10:30.662174
151,943,93.35.96.207,iPhone,Troyborough,Race today wish over what.,2026-01-22 06:43:09.484325
152,779,110.241.205.241,Laptop,East Markview,Themselves region factor.,2026-02-20 07:30:52.609112
153,50,142.231.203.175,Laptop,North Nicholasmouth,All center end.,2026-03-08 18:47:27.146742
154,951,70.240.91.58,Tablet,Lake Annette,Last base medical new popular.,2026-01-03 10:22:02.145182
155,196,160.246.32.55,Android,New Travis,Foot indeed free provide represent.,2026-03-03 02:01:03.101820
156,850,137.223.166.8,Android,Wendyberg,Pattern produce consider share.,2026-03-18 04:29:03.747133
157,592,56.175.32.14,iPhone,South Cody,Peace strategy professor especially.,2026-01-24 06:45:04.441629
158,662,29.86.228.247,Laptop,Graybury,Beyond quality present worry.,2026-03-04 04:47:24.019287
159,410,144.100.39.218,iPhone,Allenville,Case capital notice.,2026-01-02 13:56:13.316937
160,859,137.165.0.52,Tablet,New Blakehaven,Green last power air husband full.,2026-03-20 23:16:53.882650
161,678,153.246.221.42,Laptop,Yangberg,Thank central later law record.,2026-01-12 09:58:10.587842
162,604,16.157.127.5,Android,Jonesview,Decade other analysis serious.,2026-03-03 07:43:34.896252
163,55,223.167.185.40,Tablet,West Kathleenfort,Director knowledge perform factor add his.,2026-02-18 09:52:22.483559
164,912,90.138.47.42,Laptop,Tiffanyland,Little ahead fear ball.,2026-01-22 10:10:19.252343
165,817,223.30.252.5,Tablet,Adamsmouth,Health condition rise trip crime maintain across.,2026-03-13 17:30:30.302510
166,551,144.169.2.19,iPhone,North Davidmouth,Present can line alone.,2026-03-04 15:36:46.688549
167,313,104.236.31.58,Laptop,South Kyle,Painting thought sort for.,2026-01-24 03:08:40.101479
168,604,122.229.63.11,Tablet,East David,Measure purpose enter.,2026-03-25 22:41:41.208945
169,419,134.101.141.254,Tablet,New Nicole,Language professor production trade statement.,2026-02-12 01:44:35.224617
170,708,9.218.229.36,Tablet,New Teresafort,Poor plan collection arm threat way.,2026-02-23 10:54:25.832083
171,655,77.49.204.158,Android,Port Emily,Writer sister it difficult best.,2026-03-17 02:09:50.183874
172,647,117.106.150.251,Android,New Rickyland,Rise hard author.,2026-03-14 00:45:54.325371
173,28,36.99.14.94,Tablet,Russellbury,Image serious clearly Democrat increase true.,2026-03-25 14:55:46.679986
174,768,115.113.106.6,Laptop,West Rachelborough,If spend magazine activity.,2026-02-23 22:46:39.039176
175,997,33.187.28.18,Laptop,Morrisonburgh,Each front hot three and will.,2026-03-23 21:20:50.824783
176,539,165.5.9.81,Laptop,Mooreport,Worry free identify certain heavy particular.,2026-02-21 18:14:17.546087
177,960,100.154.144.113,Laptop,North Cathy,Matter activity field.,2026-03-14 08:34:17.217961
178,625,133.82.128.159,iPhone,South Anashire,Treat sound prevent.,2026-03-16 19:28:34.011933
179,686,67.159.237.62,Tablet,North Francesville,Mouth difference particularly chair film everything.,2026-03-08 22:54:35.405770
180,766,145.18.211.132,Laptop,Perezview,Detail several others.,2026-01-14 12:11:59.190243
181,385,95.106.205.148,Tablet,Port James,Point character believe level toward.,2026-01-02 14:34:58.416501
182,767,189.172.200.72,Tablet,Holmestown,Listen west it suffer account.,2026-02-26 06:00:48.299257
183,872,90.255.2.141,Android,Lake Virginia,Protect talk avoid.,2026-01-04 04:59:26.702338
184,162,167.26.26.158,iPhone,West Matthew,These church suggest accept.,2026-03-24 00:03:02.778479
185,227,52.203.8.163,Tablet,Port Christophershire,Energy main bit their picture.,2026-01-26 19:54:05.299261
186,395,217.125.33.200,Laptop,Barbaratown,Argue later resource.,2026-02-05 02:13:57.417045
187,729,182.30.95.48,Laptop,Tiffanyfurt,Past example rest day pretty model.,2026-03-05 07:08:26.966543
188,725,152.138.108.43,Tablet,West Williamfort,Career over yard share cover.,2026-01-03 14:18:54.951627
189,544,54.30.117.44,iPhone,Tylermouth,Fire then his card receive.,2026-01-16 04:35:48.446685
190,340,177.109.196.128,iPhone,Port Dianafort,Picture to fear do industry.,2026-03-23 14:42:51.407691
191,365,104.201.160.36,iPhone,Port Sean,Image never anyone real mean.,2026-01-27 19:27:56.899398
192,344,162.6.20.118,Laptop,West Ashleyview,Meeting there feel nature word.,2026-02-22 17:47:05.864193
193,974,23.161.97.78,Laptop,Ayalaville,Information American mention seem that together.,2026-01-25 23:56:24.823598
194,547,134.86.140.157,iPhone,Port Julie,Note everybody boy write.,2026-02-16 22:30:14.918366
195,546,194.145.82.34,iPhone,Taylorfort,Western become others.,2026-02-16 13:34:28.458627
196,823,134.95.106.224,Laptop,Kingfurt,Citizen one because claim song.,2026-03-31 09:35:21.053054
197,416,118.202.36.38,Tablet,East Ericton,Event find order.,2026-03-12 23:16:47.889456
198,410,43.241.142.28,Android,Vaughanport,College opportunity travel value bed commercial.,2026-02-12 02:10:36.438930
199,283,1.162.136.93,Tablet,Gilmoreport,Million home campaign child.,2026-02-14 08:34:09.494275
200,212,164.51.3.112,Laptop,East Heather,Maintain themselves listen deal situation option.,2026-03-15 22:44:26.670081
201,97,100.9.101.160,Android,Port Joshuaville,Result station such too.,2026-02-10 06:22:17.317182
202,229,128.94.227.11,Android,Jimborough,Establish spring goal become investment.,2026-03-06 05:53:12.683185
203,351,28.64.126.144,Tablet,North Teresa,Morning I evening.,2026-01-02 12:50:44.379858
204,539,80.8.133.215,Tablet,East Debra,Away far dream plan forget end.,2026-02-25 05:51:18.641742
205,10,73.226.186.224,Laptop,South Kathrynberg,Exactly challenge change thank.,2026-03-18 17:55:59.031137
206,181,89.173.146.215,Laptop,North Christopherchester,Foot fish tree baby rest art.,2026-02-22 00:46:32.137015
207,267,198.255.116.14,iPhone,Garciashire,Return according for sort visit.,2026-02-06 17:19:16.401570
208,596,20.126.30.142,Tablet,New Veronica,Where century news beat word.,2026-01-19 10:47:32.391999
209,828,60.180.49.231,Tablet,Rosschester,Provide team old film thousand.,2026-02-23 17:52:42.841804
210,75,102.247.146.244,iPhone,Smithville,Property happy democratic find occur.,2026-02-05 10:14:58.534596
211,3,152.127.225.82,Laptop,Changview,Art military bill best race.,2026-01-19 16:59:52.090107
212,479,219.94.158.184,Tablet,Gravesville,Behavior her never.,2026-01-01 02:57:03.265405
213,110,147.231.87.164,Tablet,Deniseview,Middle kitchen garden mouth nor.,2026-02-14 10:42:02.046984
214,870,222.76.170.108,Tablet,Joshuamouth,Case several clearly.,2026-01-17 21:27:43.508833
215,645,10.207.139.14,Android,West Thomashaven,Company book across interesting rest else.,2026-03-03 04:18:35.561496
216,603,99.204.51.116,Tablet,Downsmouth,Wrong career certain behavior radio decade.,2026-02-15 03:27:41.516068
217,791,137.26.230.56,Android,South Craig,Best art minute per party type.,2026-02-18 23:36:10.408419
218,741,189.11.88.102,Tablet,Singhhaven,Become suffer anything read.,2026-02-21 13:09:25.218531
219,665,217.220.17.181,Android,Ronaldborough,Expect development better.,2026-02-21 10:15:02.287821
220,704,32.63.125.132,Tablet,Chadberg,To discuss everybody ten.,2026-02-12 08:41:12.630532
221,600,69.62.97.135,Android,Mejiaburgh,Recently perform business old career dinner.,2026-03-18 15:37:06.655645
222,40,175.212.62.252,Tablet,North Deborah,Case include black them face especially probably.,2026-02-22 09:49:34.383850
223,952,82.212.28.229,Laptop,New Melissa,Often attention certainly name.,2026-01-18 21:45:31.340491
224,899,108.35.30.187,Laptop,Sherrymouth,Industry reflect stop.,2026-02-25 16:02:37.130426
225,105,173.208.104.9,iPhone,North Anthonyhaven,Hour executive continue.,2026-02-20 14:41:12.054359
226,158,134.232.122.232,Tablet,Ericport,Mrs hundred election cover.,2026-01-01 17:13:08.517746
227,626,11.70.118.22,Tablet,Natalieberg,Type health voice indicate.,2026-01-31 09:36:24.137152
228,287,121.63.175.254,Laptop,Brianfurt,Speak per shoulder adult production.,2026-02-06 10:27:03.267749
229,341,10.192.243.11,Android,East Travis,Card free question suffer front.,2026-03-26 15:53:59.079319
230,842,155.158.106.119,Android,Katiemouth,Expect hear inside green tough reason.,2026-02-22 04:42:38.534595
231,324,87.239.83.225,Laptop,Peckchester,Believe assume human different.,2026-02-21 18:48:09.695278
232,951,197.190.21.32,Tablet,Lake William,Life bed role budget.,2026-02-12 23:43:07.497314
233,692,8.75.229.1,iPhone,New Lanceton,Evidence foreign including.,2026-03-29 06:42:24.641092
234,681,37.118.19.123,iPhone,New Melissastad,Personal home population remain might now.,2026-01-01 07:28:58.855421
235,204,122.212.109.214,Laptop,Cesarborough,Under adult still hope Mr space.,2026-02-06 04:42:08.105407
236,30,219.40.25.112,Android,Lake Trevorland,Computer exist finish.,2026-02-20 20:40:33.809076
237,812,120.133.217.48,Laptop,Port Olivia,Speak medical every number seven base.,2026-01-08 09:22:56.118683
238,389,146.32.40.39,Android,Anthonychester,Really interview real.,2026-01-22 08:52:18.109328
239,66,66.40.36.23,Android,Shannonland,Benefit goal purpose operation candidate man.,2026-02-10 03:58:18.939000
240,368,187.97.110.193,Tablet,West Terrance,Camera wall street water movie forget.,2026-02-05 10:17:38.309917
241,79,72.71.33.30,Android,New Keithmouth,Their pressure deal.,2026-02-01 14:33:13.979951
242,735,157.101.117.194,iPhone,Tonyberg,As community room subject their price.,2026-02-19 05:48:33.112636
243,307,199.115.180.185,Android,Lake Brian,Staff entire bag.,2026-02-10 16:16:09.883259
244,991,189.244.19.110,Android,Brandonshire,Situation about mean.,2026-01-01 04:26:06.803807
245,825,65.40.13.145,Tablet,Johntown,City office fall often third allow.,2026-03-04 07:55:13.510857
246,43,177.20.72.135,Android,Samuelhaven,Along kitchen billion lot five.,2026-02-07 05:41:13.924675
247,373,173.30.234.110,Laptop,Jessicahaven,State before not.,2026-03-19 06:10:34.456292
248,496,192.41.242.229,Tablet,Kennethchester,Why offer door live.,2026-02-10 05:58:09.128522
249,735,115.103.154.248,Android,South Jeromeview,Down specific north course need body.,2026-03-04 09:49:26.237025
250,860,206.182.59.157,Laptop,South Robert,Election military small.,2026-01-31 07:16:13.888779
251,152,90.77.231.102,Android,Smithfort,Develop within account.,2026-01-21 11:04:49.075696
252,305,17.137.106.129,Android,Port Stephen,Computer staff candidate rock.,2026-02-22 06:26:43.939713
253,220,4.36.211.130,Android,Petersonview,Present charge management thousand.,2026-01-22 11:08:53.231872
254,453,101.81.158.86,iPhone,Clarkmouth,Such this opportunity away.,2026-03-13 15:00:26.696474
255,62,95.73.76.51,iPhone,Velazquezmouth,Issue partner administration necessary.,2026-01-07 11:40:43.440876
256,712,161.216.138.207,Tablet,West Thomasburgh,Kind game new art.,2026-02-20 16:56:22.927843
257,69,208.107.62.151,Laptop,West Judyberg,Party case couple treatment senior response.,2026-02-01 08:48:30.243386
258,731,111.113.243.143,Tablet,Jeffreystad,Fill many so power.,2026-01-04 15:48:18.349820
259,864,147.0.200.128,iPhone,West Michaelside,Magazine board reach.,2026-03-12 21:38:09.876837
260,825,203.107.173.146,Tablet,West Lisaville,Cover suddenly lot near mention deal.,2026-02-16 11:00:26.724674
261,674,158.198.69.115,Laptop,South Jesse,More one pick market federal watch.,2026-01-16 19:15:25.154416
262,648,98.65.213.203,Android,Kennethside,Deal contain culture.,2026-03-05 16:43:41.626098
263,843,92.148.46.19,Tablet,Hallmouth,Woman conference care old cause.,2026-01-16 19:45:50.161765
264,148,25.121.16.219,Android,Sarahmouth,Free federal opportunity not price option.,2026-01-05 14:48:46.318203
265,79,52.229.162.248,Laptop,Jeremyshire,Single within respond big evening animal.,2026-01-28 19:53:48.124376
266,483,140.183.209.144,Android,Andrewtown,First some pass turn decide.,2026-02-08 01:16:35.323818
267,276,122.230.221.156,Laptop,Janicebury,Thing employee hit.,2026-03-20 18:38:48.709239
268,525,16.153.188.2,Android,New Angela,Though between employee attack draw.,2026-03-09 19:51:35.569539
269,748,197.34.141.37,Laptop,New Joseph,Beyond say a nice look money.,2026-03-29 03:26:02.334972
270,526,196.37.47.213,Tablet,Kathleenborough,Hospital south item production color edge American.,2026-02-21 02:15:59.239417
271,134,86.207.187.1,Android,Austinborough,Expect local game factor marriage.,2026-03-27 18:47:55.166882
272,287,11.157.184.83,Tablet,Lindseyberg,Pull oil easy job note.,2026-01-14 15:30:42.891750
273,914,173.104.77.13,Tablet,Wilsonburgh,By story best.,2026-01-05 15:17:38.780556
274,733,94.221.25.232,Android,North Samuelmouth,Buy receive responsibility relate.,2026-03-08 22:35:18.587612
275,975,93.116.221.128,Tablet,Samanthaland,Usually need about technology house.,2026-01-16 08:18:46.604774
276,1000,9.51.194.69,Tablet,Carolynton,Only today beautiful.,2026-03-15 16:08:35.347051
277,214,47.60.249.152,Android,Andrewton,Clear remain college region wide.,2026-03-10 01:51:32.971404
278,510,167.48.254.68,Laptop,Port Edward,Service how continue clearly step.,2026-03-05 07:13:33.954552
279,283,125.79.210.45,iPhone,Dorothyfort,Lot product possible family.,2026-03-10 16:35:21.028779
280,782,59.30.217.29,Laptop,North Elizabethmouth,Bring newspaper international dog.,2026-02-19 22:21:46.985250
281,628,101.174.241.88,iPhone,Laurenbury,Quite cut floor sure feel.,2026-02-10 14:03:15.094957
282,67,80.180.152.152,Tablet,Amybury,Believe page consider executive.,2026-01-12 02:29:16.233769
283,738,8.97.136.129,iPhone,Reginaldhaven,Style candidate part style.,2026-01-05 07:09:23.307730
284,158,193.248.186.210,Android,Millerton,Owner someone face western tree.,2026-01-13 00:45:29.001130
285,465,62.123.121.245,Tablet,East Adrian,General trouble her full letter.,2026-03-26 03:44:03.723443
286,357,187.233.3.244,Tablet,Claireborough,Student machine discover American success history.,2026-01-26 12:13:56.714666
287,967,190.120.220.169,iPhone,Kathrynshire,Rule subject quickly.,2026-02-23 18:42:26.599014
288,23,144.175.156.66,Android,Marquezfort,No arrive admit camera.,2026-03-04 23:33:04.801526
289,848,221.243.113.122,Tablet,South Autumn,Decade edge tell card maintain.,2026-03-31 00:06:38.776921
290,211,177.205.73.162,Tablet,Whitebury,Believe thank hear.,2026-01-06 15:38:12.212476
291,574,67.139.73.42,Android,West Tinabury,Box late shake.,2026-01-13 18:22:07.146816
292,259,220.135.38.77,Android,East Kimberly,Save close join.,2026-03-05 17:23:19.968359
293,932,24.167.61.144,Tablet,Chenstad,Say walk test voice.,2026-01-27 07:59:02.357895
294,665,3.27.234.59,iPhone,West Debra,Manage personal hundred people already really.,2026-02-23 05:24:58.337370
295,78,15.200.31.96,iPhone,Phillipsshire,Turn thought professor trip indeed series.,2026-02-26 22:32:10.416425
296,988,135.236.174.223,iPhone,Esparzaview,Possible your phone want interest.,2026-03-23 17:31:46.145828
297,135,205.245.168.176,iPhone,East Aaron,Kid information unit lawyer any should.,2026-03-16 11:07:10.720966
298,779,187.49.128.166,Tablet,New Katie,Receive seat majority and why.,2026-01-08 12:50:09.262875
299,822,164.126.82.170,Tablet,Terryville,Start character administration.,2026-01-17 11:17:07.187860
300,149,120.187.140.212,Android,Alexanderbury,Mouth key plan front picture air.,2026-02-19 12:16:43.693513
301,302,24.73.20.94,Laptop,West Anthonyville,When lose source forget.,2026-02-04 16:54:17.054914
302,855,123.52.41.140,Laptop,Woodardton,Evidence daughter call.,2026-03-03 20:35:54.398326
303,63,95.112.185.172,Tablet,Kathrynfort,Appear use describe thing result.,2026-02-12 01:11:11.029122
304,219,149.180.242.208,Laptop,Port Robert,Station summer protect close show child.,2026-01-01 07:58:18.372021
305,424,116.53.19.54,Laptop,North Linda,Development ahead religious push heart.,2026-01-23 03:27:52.899217
306,266,150.62.18.131,Laptop,Harrischester,Painting make miss represent foot.,2026-03-16 08:36:19.039901
307,966,217.220.158.230,Laptop,Samuelbury,Cold Democrat serious star mother election.,2026-02-25 15:05:00.705683
308,407,65.166.103.87,Laptop,Lake Jennifermouth,Range I store.,2026-02-09 19:17:23.719800
309,377,151.123.192.224,Laptop,East Ashley,I feeling to three industry.,2026-01-09 15:56:04.111587
310,465,192.211.179.1,iPhone,Christinaport,Reduce capital want.,2026-02-09 07:55:03.884724
311,492,164.209.1.63,Tablet,East Jasmineberg,Lawyer realize begin music us plant.,2026-03-01 15:00:14.306982
312,482,116.249.103.250,Android,Glassburgh,Everything case describe skin rise should.,2026-02-03 04:48:18.425721
313,967,155.136.133.131,Tablet,Wilsonstad,Impact note send record worker.,2026-01-16 04:10:18.440443
314,663,128.40.143.218,Android,East Josephview,Trade station spring early family.,2026-03-18 04:08:43.456702
315,253,137.166.149.191,iPhone,Thompsonberg,Not north child fast.,2026-01-26 14:24:44.420001
316,800,222.2.69.133,Android,Johnbury,Money crime trip design.,2026-01-13 17:23:15.571501
317,848,46.57.234.41,Laptop,Port Christopher,Owner summer effect.,2026-01-16 03:19:55.697307
318,655,79.142.219.42,Tablet,Cynthiastad,Season bank kitchen of.,2026-01-09 20:46:34.407084
319,824,8.164.112.41,Android,Port Nicoleside,Good any miss wait yes believe.,2026-01-19 22:33:35.763323
320,737,27.14.196.97,iPhone,New Brianna,Series both teach.,2026-02-21 20:52:44.897854
321,775,85.196.77.234,iPhone,North Julia,Fund full huge.,2026-03-08 09:35:11.294885
322,606,150.243.61.191,Laptop,Hannachester,Sound computer response medical gas.,2026-02-21 06:41:39.261005
323,767,44.147.119.169,iPhone,New Jaimeborough,Expert share dream nation.,2026-02-23 23:03:05.397772
324,383,31.18.176.71,Android,Halltown,Home nearly event by third pick.,2026-01-17 08:35:27.383207
325,999,64.205.40.163,Laptop,South Aliciafort,Look who hear bad think call.,2026-01-28 13:49:52.855250
326,462,41.147.20.62,iPhone,Andersonstad,Business I threat pick.,2026-01-08 10:49:04.339911
327,420,72.8.23.236,Laptop,Heatherfort,What wrong skill stuff reflect practice.,2026-02-01 09:13:25.159945
328,114,199.84.146.116,Tablet,Toddside,Discover writer right about.,2026-03-12 19:46:54.519958
329,950,25.6.253.11,Tablet,Gardnerbury,Suggest report government culture.,2026-01-13 12:13:34.962273
330,224,181.156.37.114,iPhone,West Lindsey,Station wall work shoulder owner.,2026-02-10 10:15:47.636642
331,794,177.82.166.217,Tablet,Laurenhaven,Science though protect along hold individual.,2026-03-15 11:15:51.562550
332,58,134.142.2.165,Tablet,Fostershire,Theory throw himself even.,2026-02-15 11:13:11.786669
333,550,1.53.65.174,Tablet,South Christopher,Player magazine current may trade class.,2026-03-25 20:24:34.992296
334,187,76.64.66.242,Tablet,Howardfort,Later style prepare view arrive often.,2026-01-19 22:15:22.287886
335,841,183.54.0.68,iPhone,Lake Tracyberg,Loss cup family.,2026-01-20 13:56:15.988146
336,927,40.179.245.241,Tablet,New Brian,Image health drop.,2026-02-27 00:51:12.125563
337,205,111.231.88.120,Laptop,East Michael,Front ask red rock.,2026-01-21 16:29:52.855299
338,511,22.97.32.248,iPhone,Brianborough,Speak really action smile Democrat.,2026-01-17 14:15:36.512433
339,47,112.181.176.236,Laptop,Jeffreyburgh,Everything pay economic or.,2026-02-13 01:20:00.623345
340,732,25.160.213.88,iPhone,Brownport,Form wide lawyer nice.,2026-02-14 17:30:24.782386
341,585,177.105.97.147,iPhone,East Marystad,Sound commercial return evening try new.,2026-01-21 23:23:05.265150
342,494,168.109.130.12,iPhone,Lake Lisa,No heavy main different age memory science.,2026-01-24 20:23:52.108932
343,454,24.189.80.99,Laptop,Michaelberg,Grow middle now.,2026-02-24 13:19:21.358656
344,732,152.197.16.224,Laptop,New Anthonyland,Future citizen lay cold.,2026-03-13 09:38:32.412060
345,180,30.155.99.72,Android,Thomasfurt,Attorney moment ready whether also.,2026-03-24 23:08:33.108370
346,101,199.104.130.79,Laptop,New Nicholas,Worker foot choice fall there body.,2026-03-20 09:48:53.843086
347,160,61.161.31.133,iPhone,New Garyland,Edge these face professor.,2026-02-01 18:24:48.928890
348,813,178.206.78.82,iPhone,Smithland,Bit many risk idea both south.,2026-01-03 09:04:06.716485
349,421,95.235.159.19,Tablet,Port Edwinfort,We city drive outside care.,2026-01-30 09:31:19.226291
350,854,139.27.221.70,Tablet,Jamesland,Most democratic enjoy listen appear.,2026-01-20 22:32:24.221282
351,684,61.153.176.198,Android,West Patrick,Against TV recognize.,2026-03-01 14:51:51.671601
352,903,174.40.158.44,iPhone,Andersonville,Tonight enjoy thousand world enjoy certain.,2026-03-24 07:38:39.903550
353,11,189.209.73.240,Android,Piercefort,Over nature seem pressure fire.,2026-02-11 22:02:14.442896
354,28,214.233.244.201,Android,Jamesberg,Cultural ten or goal move stock.,2026-02-05 04:58:57.607064
355,895,204.90.24.95,Tablet,North Timothy,Maybe hope item pretty.,2026-03-23 07:05:41.493909
356,358,180.172.27.192,iPhone,Jameschester,Home choice Congress.,2026-03-15 04:07:03.556326
357,406,148.164.100.203,Android,Leontown,Today improve consumer technology company.,2026-02-04 13:35:22.175600
358,515,95.187.206.132,Tablet,North Jessicahaven,Letter others fear under.,2026-01-09 06:25:49.688199
359,863,27.9.166.150,Tablet,Prestonstad,Let fund draw conference either call.,2026-03-11 23:25:35.167429
360,372,180.133.202.109,Tablet,Johnsonhaven,Form board vote exist.,2026-01-31 16:45:22.036739
361,296,169.102.250.176,iPhone,East Kevinland,Heavy factor indeed.,2026-02-14 10:19:11.230541
362,652,53.138.148.125,iPhone,Lake Katherine,Interview office truth will.,2026-01-03 01:51:37.913262
363,601,183.177.234.47,Laptop,Lake Mark,Behavior evening dream different myself.,2026-01-17 23:07:54.515675
364,383,24.149.37.156,Android,Leehaven,Owner goal billion result should total.,2026-03-10 18:16:06.438434
365,669,192.197.183.32,Android,South Kendra,Western off skin.,2026-03-03 09:38:09.574654
366,824,85.151.165.7,Laptop,Maxton,Voice fight only this low something.,2026-01-17 21:03:31.550567
367,477,83.235.90.36,Tablet,West Lisa,Accept product agree offer include.,2026-02-25 13:37:44.212909
368,907,87.216.37.43,Laptop,Lake Tylerhaven,Rather decide magazine often meeting owner.,2026-03-19 16:21:46.266268
369,695,205.181.107.31,Tablet,New Kristinabury,Large ground just teach.,2026-01-27 20:24:29.765590
370,840,208.183.102.13,Tablet,Hensleyshire,Form sound scientist.,2026-03-30 08:00:39.621289
371,876,188.44.84.178,iPhone,Grayfort,Value clear will expert recognize.,2026-02-28 06:29:29.375234
372,843,96.208.60.221,Tablet,West Kevinchester,Friend best chair test only section.,2026-02-17 09:12:09.006963
373,792,107.143.177.225,Laptop,East Darren,Young series bill million gas success.,2026-02-22 17:06:29.271764
374,62,157.145.238.215,Laptop,Davisborough,Media really service real simply.,2026-03-18 08:39:42.234945
375,736,50.87.21.86,Tablet,Diazfort,Ago than teach your people.,2026-01-12 16:28:54.260020
376,451,209.245.39.0,Laptop,Brianborough,Walk to great stay debate.,2026-02-24 05:41:11.674358
377,4,68.130.180.69,Tablet,Jameschester,Thank Mrs within example economy.,2026-02-19 15:47:11.388960
378,792,73.54.17.173,Android,East Alexandra,Fine through student behavior wife.,2026-01-30 04:18:45.688278
379,123,1.98.152.175,Laptop,South Tonyatown,Itself play project physical through.,2026-01-03 18:17:52.371235
380,67,91.154.220.73,iPhone,Montesfurt,Pass himself be.,2026-03-16 08:39:40.503190
381,320,174.151.65.150,iPhone,South Johnberg,Concern everything current white knowledge.,2026-02-25 07:55:37.620638
382,464,128.230.85.12,iPhone,Woodborough,Land brother none have spring reason.,2026-03-15 20:26:23.652798
383,523,209.62.53.45,Android,Medinaberg,Guy its believe leg.,2026-03-31 10:18:23.954787
384,902,15.100.60.161,Tablet,Juanchester,However executive check less yes live.,2026-01-24 02:05:16.737212
385,82,16.177.180.161,Laptop,Lisaland,Believe perhaps purpose increase town.,2026-02-04 15:40:01.433164
386,570,161.225.220.58,Android,Woodstad,Process way add activity.,2026-03-27 03:36:36.640410
387,619,102.241.233.114,iPhone,North Melissa,Hot for too article.,2026-02-13 20:20:46.154800
388,53,118.143.133.251,Android,New Jonathanfurt,Argue movie smile.,2026-03-07 12:29:53.236609
389,286,77.252.205.133,iPhone,Port Lisa,Trial drug those operation federal certainly.,2026-02-09 04:32:55.052736
390,186,56.240.197.149,Android,New Lauraside,Suffer drive pull activity sense at.,2026-03-28 04:58:56.134641
391,428,94.171.105.245,iPhone,Clarkeport,Close appear position wonder statement.,2026-03-20 17:44:56.305420
392,878,83.66.235.146,Laptop,East Ericport,Small feel explain trial class organization.,2026-03-22 07:23:06.800598
393,390,208.250.45.150,iPhone,Nguyenside,Between education nation Mrs let.,2026-02-24 15:55:53.364695
394,41,30.248.228.236,Tablet,Michaelberg,According among or.,2026-01-02 10:26:38.655264
395,41,92.180.115.130,iPhone,Donaldton,Require charge doctor thought pattern.,2026-01-26 17:06:28.366551
396,402,187.66.217.28,Laptop,West Tyler,Meeting both practice.,2026-02-16 22:14:14.096725
397,200,124.182.199.69,Tablet,Ramseyfort,Color public pattern from my at.,2026-01-12 13:56:46.414614
398,483,41.162.64.130,Android,Mercadoburgh,Exactly you hair fund.,2026-02-14 00:10:00.158376
399,490,190.106.155.245,iPhone,Michaelchester,Name series themselves movie tend.,2026-01-20 20:33:06.277066
400,645,14.71.48.143,iPhone,Lawsonshire,Hair late present push region sign time.,2026-03-14 05:54:21.801400
401,57,146.252.85.181,Android,South Rachel,Occur also moment.,2026-02-16 04:34:28.421968
402,100,200.6.25.252,Laptop,Timothybury,Season phone star make democratic.,2026-01-20 11:27:30.381003
403,15,218.200.80.162,Android,Rogersport,One record role certain to.,2026-02-13 15:41:13.571135
404,344,4.118.199.195,Android,Markstad,Drug ask check care thought.,2026-01-10 21:38:40.467481
405,162,162.141.70.86,Tablet,South Phillip,Relationship carry here operation red know.,2026-03-08 00:48:35.375573
406,87,87.54.231.175,Android,Brianshire,Peace drug chance role skin fact.,2026-03-09 17:47:26.361224
407,443,47.239.87.234,Android,Jeffreybury,Start brother I role film others.,2026-02-05 13:56:43.545901
408,317,51.32.30.186,Tablet,North Lindaton,Consumer article manager tree his see.,2026-02-03 04:23:59.440488
409,695,147.240.28.189,Tablet,Oliverville,Other majority bag.,2026-01-26 03:05:53.392262
410,247,118.163.84.222,Laptop,Andrewburgh,Size property experience else.,2026-02-23 07:05:17.415815
411,426,73.206.55.69,Laptop,Port Jeffreyside,Soon ago our other something.,2026-02-01 14:44:37.601374
412,928,16.149.70.183,Laptop,Port Stephentown,Action account player.,2026-01-06 17:52:59.425734
413,770,131.95.37.52,Android,Lake David,Away play compare property tend new.,2026-02-02 09:00:57.471506
414,284,43.217.25.137,iPhone,Guerrerochester,Nothing media respond suffer.,2026-01-24 00:50:21.945695
415,234,218.148.148.229,Tablet,Jenniferview,Skin manage character inside.,2026-03-07 08:21:13.541073
416,845,85.236.4.54,Laptop,West James,Reality want there room always of.,2026-01-07 20:28:12.165584
417,242,100.34.175.104,Android,Patrickmouth,Brother represent candidate American.,2026-03-20 16:19:38.594266
418,849,27.209.254.136,Tablet,South Amy,Because camera everyone man.,2026-01-15 12:22:09.363086
419,960,192.173.14.47,Tablet,North Daniellechester,Produce need age hand.,2026-03-17 05:07:31.760135
420,67,218.93.63.27,iPhone,Port Dariusstad,Clear follow our law.,2026-01-07 07:21:11.940507
421,850,209.193.191.65,iPhone,Wilsontown,Son mother or.,2026-02-05 03:20:44.611033
422,456,113.203.77.212,Laptop,West Christopher,Sound high itself cause region.,2026-01-07 19:38:28.340860
423,511,217.85.106.176,Laptop,Port Daisy,Lose for only smile sister any.,2026-01-04 01:23:31.416743
424,846,18.137.209.163,Laptop,Lake Allisonbury,Or both say.,2026-01-23 13:07:44.741840
425,728,153.182.77.14,Laptop,Rossshire,Pressure especially what certainly interview.,2026-03-23 10:58:05.040898
426,40,167.225.147.43,Laptop,Margaretview,Wish tax mouth past player.,2026-03-21 10:29:16.835284
427,616,218.182.222.153,Laptop,North Michael,Billion edge cause.,2026-01-03 19:43:42.878534
428,747,86.211.34.96,Android,Lake Jessica,Determine from floor evening study church.,2026-01-28 21:14:45.644987
429,232,166.15.119.91,Tablet,East Nicholasfurt,Product realize stage.,2026-03-03 03:15:05.245605
430,100,105.96.150.231,Laptop,Barnettburgh,Either step region everybody method.,2026-01-25 07:19:50.701123
431,412,65.98.3.197,Laptop,Ryanbury,Table while keep.,2026-01-02 10:42:20.818383
432,334,104.181.207.129,Android,Karafurt,Sea baby color who it certain.,2026-01-22 01:38:17.559066
433,625,38.97.78.164,iPhone,East Robertport,My per level.,2026-01-17 07:05:50.494816
434,647,42.126.163.230,Android,Johnsonburgh,Face black claim east.,2026-03-31 10:26:39.920573
435,99,192.150.32.7,Tablet,Lake James,Discuss game present director.,2026-01-22 01:11:03.487890
436,479,201.235.131.190,Android,East Brittany,Quite speak read weight campaign.,2026-03-03 06:25:15.240972
437,15,221.47.60.5,Android,North Daniel,Including agree concern they.,2026-02-25 22:01:22.184365
438,590,48.107.145.174,iPhone,Thomasmouth,Pattern television show million.,2026-03-26 21:49:36.403075
439,352,151.27.30.168,Laptop,Lake Joshua,Easy ask difficult according would term.,2026-03-17 08:59:14.932000
440,69,169.233.32.46,Android,Reedton,Daughter leader prevent hospital structure behind.,2026-03-28 01:29:43.077312
441,496,54.180.235.39,Laptop,Port Judybury,Actually wrong technology hundred.,2026-02-26 18:31:12.881506
442,471,103.188.11.181,Android,Smithchester,Thank full before.,2026-03-04 16:11:41.223151
443,916,186.198.148.44,iPhone,Carlosport,After fine strong same.,2026-02-13 02:00:04.557430
444,306,190.197.209.40,Tablet,North Brendachester,Serve our discuss.,2026-02-17 20:03:33.247702
445,487,43.6.18.217,iPhone,Jonathonbury,Food factor member young hit statement.,2026-01-23 01:16:23.064295
446,412,190.17.242.60,Tablet,Sampsonfort,Race somebody fast capital old traditional.,2026-03-28 22:22:35.664352
447,899,198.92.87.38,Laptop,South Julieburgh,Adult have general born.,2026-01-25 12:56:40.162951
448,57,100.194.30.117,Tablet,East Jesse,Keep rule weight.,2026-03-12 00:19:50.563709
449,235,101.172.107.71,iPhone,Simonshire,Knowledge teach civil.,2026-01-26 07:33:30.655482
450,69,13.91.239.178,Laptop,Taylorton,Service travel speak three discussion write.,2026-03-31 09:53:54.973354
451,709,102.200.160.39,Android,Jessicaberg,Choose like book talk thing.,2026-02-15 14:56:45.719062
452,857,19.96.42.242,Laptop,North Kimberlyfort,Decision cut still.,2026-02-16 16:02:10.513751
453,447,85.173.66.49,Laptop,New Randy,Indeed discuss floor of.,2026-03-30 15:55:49.354046
454,548,13.49.222.212,Tablet,Perrychester,Song detail kind.,2026-01-26 20:39:02.649359
455,294,39.7.83.163,Android,Geoffreyhaven,Back head dream both.,2026-01-27 12:38:28.083040
456,742,90.128.246.183,Laptop,Markport,Radio few home road chance particular.,2026-01-02 23:25:33.768524
457,672,98.224.112.35,iPhone,West Meagan,Summer her above respond.,2026-01-25 23:03:44.751002
458,411,194.14.156.171,Android,East Jesse,Partner the trial.,2026-02-19 14:47:17.522380
459,711,169.120.248.140,Tablet,Jenniferview,Dinner identify friend mean.,2026-02-13 07:55:36.147069
460,899,147.214.1.214,Tablet,Meyerchester,Response party quality beautiful TV benefit.,2026-02-02 20:41:08.950076
461,321,112.252.130.154,Laptop,West Michaelside,Section anyone game east the form.,2026-03-15 08:41:15.632119
462,227,31.105.133.100,Laptop,Hernandezview,Town least full.,2026-02-11 02:46:33.121499
463,831,216.64.130.250,Android,Port Hannah,Way economic center say his occur.,2026-01-25 22:43:25.521875
464,507,80.58.47.39,iPhone,Lake Charles,Growth research fast.,2026-03-16 09:31:57.891594
465,412,32.54.17.15,Android,Port Robertland,Reveal require discussion leader hard project.,2026-03-30 18:41:57.160751
466,560,55.74.181.254,iPhone,West Jerrytown,Set year process community bank single.,2026-02-17 23:02:24.989685
467,581,146.179.64.109,Tablet,West Anaview,Often affect authority hour.,2026-01-07 22:08:23.283773
468,153,15.193.173.230,iPhone,Lake Christopher,Fight red stock.,2026-03-11 14:00:34.644584
469,934,142.117.37.68,Tablet,Valerieborough,Ask unit happen ten husband.,2026-03-06 10:11:32.605587
470,91,183.163.154.7,Laptop,Hallstad,Trial mind little drug treat.,2026-02-19 22:49:30.687827
471,147,204.93.29.132,iPhone,West Stacyburgh,Feeling must number.,2026-03-23 04:39:07.742740
472,475,211.181.108.155,Laptop,South Claytonchester,Film resource concern.,2026-01-03 08:03:35.405753
473,593,132.154.212.95,Android,East Anthonybury,Despite others prove nothing interesting.,2026-03-09 11:45:06.172390
474,352,26.90.56.39,iPhone,Johnmouth,Hundred want collection.,2026-03-25 09:22:44.505575
475,784,165.247.32.55,iPhone,Lake Travishaven,Travel board different war shoulder turn.,2026-02-05 21:15:08.245561
476,298,115.254.115.98,Laptop,East Nancy,Wind participant friend as rise maintain.,2026-03-03 02:35:15.281497
477,757,124.186.162.155,Android,Colleenton,Recently item raise shake.,2026-01-26 00:23:52.727931
478,737,218.178.135.219,Android,South Rodney,Allow feeling majority appear mission.,2026-03-17 09:08:41.125855
479,44,40.106.250.110,Tablet,West Judyberg,Measure career camera test set.,2026-03-26 11:26:13.648323
480,909,79.1.97.59,Android,Bradfordburgh,After debate position black day.,2026-02-25 23:06:45.376189
481,872,214.250.252.1,iPhone,Taylorton,Get and whose.,2026-01-30 14:46:57.655977
482,18,131.50.84.19,Laptop,Lake Dwayne,Get result very head.,2026-03-10 08:00:00.014663
483,920,177.184.139.74,Laptop,Campbellton,During garden value plan he that.,2026-01-11 13:57:58.617434
484,257,190.174.121.72,Tablet,North Richard,Approach town condition dark ago.,2026-02-03 15:36:10.299232
485,214,196.59.116.225,Android,East Jamie,Forward available bring.,2026-02-12 09:09:26.844654
486,312,222.232.199.182,iPhone,Port Adam,Outside them space conference.,2026-03-04 19:05:09.002049
487,549,179.44.250.168,Tablet,North Robertport,College trip relationship.,2026-03-18 22:32:35.668343
488,485,146.93.66.12,Android,Davisshire,Box station section here energy project.,2026-02-24 21:19:04.219292
489,913,121.161.74.79,iPhone,West Debra,Audience break executive piece.,2026-01-27 22:43:20.247355
490,574,98.160.184.131,Android,Saratown,High them it your thought.,2026-01-09 04:40:12.516984
491,548,155.248.66.205,Tablet,Montoyahaven,Attorney industry market miss Republican.,2026-03-26 19:26:07.402654
492,849,172.155.63.33,Laptop,North Joside,More cause painting.,2026-03-04 21:55:02.674409
493,980,195.24.220.65,Android,West Elizabeth,South long significant.,2026-02-18 07:35:43.565288
494,738,138.97.85.0,Tablet,Lake Paula,Yet plan around full strategy.,2026-03-20 12:34:46.708894
495,146,17.135.153.14,iPhone,West Ashley,Magazine president administration region.,2026-01-05 02:36:09.829756
496,622,173.67.231.223,Laptop,South Katie,Issue surface trade often bar all.,2026-01-16 07:30:35.279208
497,133,145.29.114.117,Tablet,Pooleberg,Art central produce quality month market.,2026-03-23 21:41:38.069090
498,953,116.204.225.55,iPhone,West Karatown,Work win step night.,2026-03-21 20:36:47.391546
499,587,121.110.28.88,Android,Justinstad,Draw idea yard street walk.,2026-01-04 22:33:20.863946
500,628,69.124.10.101,Laptop,Youngfort,Condition foreign image word ball method.,2026-03-01 01:14:49.796636
501,238,26.254.185.218,Laptop,Clarkburgh,Way total trip billion east.,2026-03-11 15:20:30.386114
502,182,4.117.254.169,Laptop,New Randall,Accept management party price.,2026-01-27 13:24:50.301492
503,477,94.186.139.106,Tablet,Lake Jennifer,Music win determine.,2026-03-10 22:13:18.103270
504,229,156.198.51.57,Tablet,Port Vicki,Require election defense.,2026-03-09 21:30:26.793105
505,346,36.255.190.195,Tablet,South Ryan,Here second technology recognize fall assume should.,2026-02-23 15:29:33.366423
506,24,63.203.235.36,iPhone,South Patrick,Question meet conference.,2026-03-17 10:19:51.418944
507,343,197.37.148.222,iPhone,New Jeffreystad,Design wear future memory production audience.,2026-03-01 18:22:03.134176
508,765,151.238.220.58,Laptop,New Mitchell,Area respond Democrat management court.,2026-02-20 02:33:54.891003
509,714,7.234.91.212,Laptop,North Scottville,Party and sound natural.,2026-02-05 23:22:08.214021
510,834,134.170.55.203,Tablet,East Sharon,Within tend game.,2026-03-25 07:56:55.534776
511,80,97.219.168.108,Laptop,Port Robin,Church southern we report.,2026-02-10 16:11:04.178754
512,371,61.148.26.253,Laptop,East John,Yet grow design before might amount.,2026-01-09 23:19:03.213316
513,919,159.91.198.80,iPhone,Shanestad,Military positive middle.,2026-01-23 00:59:21.544323
514,824,74.195.216.13,Android,East Catherinebury,Other truth easy face growth democratic.,2026-01-14 03:07:23.105777
515,224,213.17.51.127,Tablet,Cooperville,Area already account smile.,2026-01-23 22:10:04.764675
516,486,14.230.145.254,Laptop,Lake Miguel,Lose suggest single those.,2026-02-04 16:02:58.701347
517,255,3.89.89.226,Tablet,East Yolanda,Window what very life write.,2026-01-27 15:32:52.900622
518,596,193.82.148.38,Tablet,New Matthewbury,Suffer thousand find only American if.,2026-03-14 16:48:11.867184
519,639,205.88.240.68,iPhone,Robinsontown,Feel growth nice art.,2026-03-07 06:46:15.393973
520,839,188.51.4.197,Tablet,Ramseyville,Coach dream study phone film heart.,2026-01-17 17:01:29.156266
521,969,148.185.84.219,iPhone,West Krystal,Size author often.,2026-01-09 18:36:09.766697
522,323,216.222.171.2,Laptop,Brettbury,Security less raise such.,2026-02-25 06:19:39.541758
523,612,140.225.57.38,Laptop,East Matthewhaven,Simply ask event style.,2026-02-12 08:54:07.454849
524,104,154.52.225.114,Android,Jeremyberg,Follow produce main toward produce none.,2026-01-16 12:48:42.604693
525,46,80.113.92.210,Android,Andersonburgh,Knowledge child pass lawyer.,2026-02-20 09:31:22.183704
526,482,74.176.196.49,Laptop,Santosfurt,Across win television cost pull current.,2026-03-26 23:23:10.284451
527,975,33.202.224.176,Laptop,Jeffreyfurt,Security least form sea customer.,2026-01-30 00:57:09.400323
528,548,3.10.1.22,Tablet,West Dustinside,Those star support dinner seat.,2026-01-22 11:42:51.766694
529,194,6.70.34.164,Android,Davishaven,Impact century perform might response go.,2026-01-13 04:09:13.297473
530,686,223.25.204.227,Laptop,Logantown,Plan factor value.,2026-03-15 11:46:24.783775
531,866,112.101.86.199,Laptop,West Sandraton,Type enough go.,2026-02-01 10:11:48.843797
532,628,139.161.106.66,Laptop,Ramseymouth,Real record office.,2026-01-07 02:45:50.423169
533,116,154.4.44.199,iPhone,South Patrick,Agency region simple.,2026-03-30 02:57:37.872868
534,515,36.157.57.249,iPhone,Kimmouth,Window force reduce avoid practice mission.,2026-01-12 21:00:55.174230
535,63,139.59.152.161,Tablet,Katherinestad,Product relationship yourself.,2026-02-14 04:00:54.776667
536,155,61.7.78.106,Tablet,Saundersmouth,Several system inside four student.,2026-01-24 20:42:10.379147
537,429,2.235.242.195,Tablet,North Angela,Property page father authority then.,2026-02-17 01:00:56.241480
538,503,55.173.101.129,Laptop,East Phillip,Reason everybody time college too yourself.,2026-01-01 17:49:44.542596
539,363,173.221.64.151,Laptop,Pachecofort,Policy fall hold table personal.,2026-01-16 05:20:58.861024
540,638,71.244.252.125,Android,East Paulaport,Practice move before road.,2026-01-06 13:54:23.541831
541,67,198.145.252.180,Android,Lake Davidstad,Language without especially clearly.,2026-02-19 20:54:47.887079
542,725,181.246.124.101,Android,Nguyenfort,Improve pay other investment try chance.,2026-03-26 04:27:24.381600
543,453,91.207.167.144,Laptop,Victoriastad,Six third probably season.,2026-03-30 03:00:33.535754
544,352,95.185.66.90,iPhone,Lake Lisa,Minute just should sing not.,2026-03-26 13:35:54.634900
545,54,188.41.172.90,Tablet,Howardfurt,Whom tonight specific house especially.,2026-03-07 16:24:27.817813
546,432,43.228.172.214,Tablet,Scottville,Involve example eight common join make.,2026-03-06 16:12:47.271627
547,728,38.188.22.127,Laptop,North Laurie,Hard keep perform since red kid.,2026-02-13 08:45:24.721130
548,433,223.176.6.243,Tablet,Gutierrezmouth,Conference some rate.,2026-02-06 11:36:22.560450
549,425,50.253.128.113,Tablet,Stephenston,Everyone seven play wife.,2026-02-26 22:07:55.212323
550,948,55.65.215.220,Tablet,East Vanessachester,Main stage exactly.,2026-01-13 05:20:30.405391
551,369,56.193.190.222,iPhone,Andersonberg,Soon minute use.,2026-02-23 04:21:12.976691
552,574,128.162.218.149,Tablet,Davidville,To news chance.,2026-01-25 05:55:02.824587
553,838,39.163.223.135,Laptop,North Amymouth,Drop foot real wind feeling hair.,2026-03-02 02:36:21.458950
554,626,43.11.86.1,Android,New Nataliemouth,Moment official foreign sort international.,2026-03-23 02:04:36.502159
555,513,210.142.246.111,Android,South Jacqueline,Person theory season.,2026-01-29 20:59:27.699970
556,913,146.165.92.4,iPhone,Port Morgan,Behind indicate exactly either Republican green.,2026-03-07 14:32:10.894780
557,870,73.9.239.76,Laptop,Lake Daniel,Child song loss question during.,2026-03-09 15:40:01.176333
558,872,161.155.235.16,Tablet,Joshuafort,Traditional sure sign.,2026-02-08 00:48:42.617306
559,888,43.233.192.105,Android,North Melissa,Mean black tough.,2026-02-14 18:58:17.184546
560,330,210.175.73.183,Tablet,Kennethville,Front deal heart.,2026-01-17 20:37:28.047224
561,471,64.108.70.54,iPhone,Darrenview,Little letter world.,2026-02-04 09:30:17.891593
562,781,28.16.135.63,Android,Laraburgh,Pick since television range president.,2026-03-17 12:07:26.682691
563,902,19.230.232.102,iPhone,Maryport,Stock lose maybe.,2026-01-20 13:53:08.725744
564,671,164.18.225.27,Laptop,South Matthew,You anything thousand resource.,2026-01-25 02:24:44.234948
565,469,7.252.105.133,iPhone,Pamelafurt,Work teach deep eye political.,2026-02-14 11:47:09.204242
566,821,41.133.55.27,Laptop,Brownmouth,Natural truth old standard environmental.,2026-02-02 03:15:15.991281
567,901,175.191.176.132,Android,West Pamelaside,Such east score every inside.,2026-03-08 08:03:37.898463
568,339,59.123.216.4,Laptop,Robertfort,Later beat admit line.,2026-03-27 23:21:28.208624
569,786,10.250.3.223,Laptop,Port Adrian,Child cost one sign.,2026-03-20 00:45:50.463452
570,400,66.227.184.87,Android,Lake Kathleen,Travel argue husband age a indeed.,2026-02-08 02:07:27.029938
571,332,47.154.85.10,Laptop,West Tinaview,This red wonder use president.,2026-03-01 07:07:17.169221
572,983,28.86.91.181,Tablet,Chadfurt,Before certainly police shake.,2026-01-09 07:31:25.917316
573,37,86.50.177.3,Android,Granthaven,Them true second.,2026-02-22 10:21:14.920298
574,305,79.60.180.121,Android,Lake Juliafurt,Rock painting care sell.,2026-01-29 09:47:21.484517
575,18,177.172.117.182,Tablet,East Heatherberg,Treat crime year network us.,2026-02-26 14:42:16.318305
576,619,69.154.195.88,iPhone,South Kathy,Customer his indeed some open.,2026-02-17 03:55:51.480013
577,492,154.122.97.240,Tablet,West Alisonshire,Image property stage occur.,2026-01-24 04:42:58.915219
578,209,128.151.63.238,Android,Sarahshire,Road subject edge worker respond improve.,2026-01-06 17:34:44.805484
579,236,63.54.8.143,Laptop,Crossview,Plant until significant.,2026-03-21 14:48:05.038669
580,976,28.231.222.4,Tablet,Allenville,Small shake ago week.,2026-01-30 09:14:24.336775
581,840,51.235.10.56,iPhone,Duncanberg,Television responsibility act six toward bad.,2026-01-17 15:50:12.318951
582,232,135.167.23.49,iPhone,Thomasmouth,Throughout occur including she interesting.,2026-01-01 12:17:11.703406
583,397,194.133.118.247,Android,North Sandraport,Report whom nature pick receive rather.,2026-03-24 05:47:26.613360
584,716,176.10.223.182,Tablet,North Rachel,Recognize effort than ago city.,2026-02-21 23:24:05.541836
585,500,187.6.20.69,Android,South Clintonberg,Where billion he.,2026-02-27 07:41:29.964860
586,363,108.176.74.52,Android,North Robert,A watch hope civil chair.,2026-02-26 01:05:23.598456
587,136,48.233.51.26,Tablet,Francomouth,Hundred often forget away large.,2026-01-26 05:15:48.113634
588,658,220.59.5.161,iPhone,West Susanstad,Go place bank.,2026-01-21 19:55:50.527059
589,95,105.91.62.93,iPhone,Port Randyhaven,Add lose me treat ok environmental.,2026-03-14 02:24:07.990886
590,365,50.245.238.179,Laptop,Ryanview,Enjoy see worry company amount.,2026-03-08 19:54:17.881524
591,878,202.134.92.171,Tablet,West Isaac,Maintain thought market fill perform.,2026-03-02 19:39:43.603439
592,822,33.254.78.45,Android,Sarahland,Research ball mind chance response four.,2026-01-07 04:53:58.750243
593,290,191.10.214.239,Laptop,Port Christinaberg,Life movie recently rate whole.,2026-02-01 12:05:29.411340
594,785,192.157.210.172,Laptop,Olsonstad,Indicate receive sister hit opportunity.,2026-02-22 01:10:15.082839
595,772,84.183.103.172,iPhone,Leahchester,Because carry after professional.,2026-01-08 06:26:35.046361
596,297,155.130.11.145,iPhone,South Christinaberg,Adult prove home.,2026-01-10 04:54:14.640215
597,548,52.70.218.132,Laptop,East Curtis,Animal investment available product.,2026-03-04 20:40:21.596104
598,866,137.254.96.16,iPhone,Marymouth,Matter place instead pretty never.,2026-01-16 07:14:23.512246
599,212,97.78.18.186,Android,Sarahaven,Decision compare live shoulder move.,2026-02-18 17:40:37.226101
600,744,162.181.122.49,Laptop,New Christinamouth,Nature strong recent.,2026-01-21 12:41:12.397916
601,375,23.164.106.59,Tablet,Port Julieland,Worker place season laugh save.,2026-02-13 12:35:32.037736
602,354,218.75.8.72,Tablet,East Davidchester,Likely leave participant.,2026-03-20 14:16:23.941559
603,263,193.142.138.105,iPhone,East Austinfort,Window letter view make black deep.,2026-03-04 19:20:11.076172
604,310,53.72.51.94,Laptop,Clarkfurt,Almost practice stay.,2026-02-16 10:16:26.640045
605,456,42.18.83.19,Laptop,Gloriabury,Director it late administration.,2026-02-18 00:13:17.693092
606,514,108.57.99.42,iPhone,East Andrewville,Cultural month church medical.,2026-01-10 14:30:22.785161
607,691,16.119.164.10,Laptop,North Erikton,Space plant road.,2026-01-27 10:45:38.225486
608,347,173.92.247.49,Tablet,Russellstad,Agreement discover pretty pattern close since.,2026-02-18 00:53:34.530594
609,146,158.150.201.160,Laptop,Jessicabury,Popular sport rate account.,2026-01-07 21:46:30.656168
610,295,213.216.229.229,Laptop,Port Ryan,Happen specific wait.,2026-03-25 15:09:51.248741
611,570,165.69.104.14,Laptop,New John,Eye include conference.,2026-03-22 09:56:52.240928
612,914,4.105.132.226,iPhone,Scottbury,Behavior real magazine wrong summer.,2026-03-14 10:37:03.702885
613,447,161.23.106.191,iPhone,East Holly,Act sense nearly.,2026-01-21 16:54:56.729637
614,623,147.199.199.78,Laptop,New Lisaside,Brother full successful party.,2026-01-09 22:04:57.141600
615,662,25.253.220.158,Tablet,Mcintoshstad,Over front father threat.,2026-01-06 21:29:53.707348
616,586,45.150.108.226,Tablet,New Johnton,If former federal above edge lot.,2026-01-02 14:28:22.211358
617,621,149.255.193.209,iPhone,Ricardofort,Listen laugh growth president personal.,2026-03-30 03:55:07.158926
618,683,10.207.246.43,Laptop,South Emilymouth,Commercial individual side.,2026-03-09 02:35:22.445927
619,26,46.88.117.130,iPhone,Moralesfurt,Today story lay authority.,2026-01-20 14:30:42.566383
620,637,69.4.194.46,iPhone,Jenniferfurt,Network scientist cell appear now.,2026-01-22 14:38:15.087137
621,669,69.202.187.207,Android,Port Lawrencemouth,Join many sure easy prove where.,2026-03-26 04:33:27.877463
622,897,82.102.240.68,Tablet,South Bryanmouth,May more bit your affect town.,2026-02-06 18:44:46.028430
623,154,210.182.254.18,Tablet,Jamesfurt,Buy meeting prove none partner.,2026-03-29 03:37:52.901960
624,618,58.148.173.110,iPhone,Brendafort,Start the me indeed control option.,2026-02-11 05:35:59.170720
625,144,19.38.115.55,Tablet,Lake Tony,Almost security development.,2026-02-25 05:03:05.837853
626,59,2.177.216.160,iPhone,Michelleton,Per professor group.,2026-01-10 20:58:05.050417
627,886,199.52.172.181,Tablet,Longville,Local science full increase power money.,2026-01-07 01:05:36.101852
628,562,204.23.166.124,Tablet,Lake Karen,World turn standard also.,2026-01-14 05:18:49.775734
629,715,103.191.45.70,iPhone,Port Daniel,Fire color charge apply phone.,2026-03-08 23:19:48.972184
630,419,163.184.50.245,Laptop,Robertbury,Simply clear operation property herself.,2026-01-11 23:11:42.372306
631,645,178.53.60.198,Laptop,Lake Connie,There authority likely attack election.,2026-02-08 15:31:26.169880
632,682,123.213.243.126,Android,North Tylerville,Moment too so join.,2026-02-18 04:15:35.735821
633,338,17.100.252.224,Tablet,Duncanmouth,Arrive TV kid room pretty.,2026-02-28 04:02:53.084170
634,274,8.233.112.234,iPhone,Rileyside,Quite value region some concern six.,2026-02-27 09:14:24.577021
635,110,155.203.246.102,iPhone,East Vicki,Discover she participant water management.,2026-03-09 07:31:45.166670
636,664,115.96.18.236,Android,Haleyport,Charge ready home score including action.,2026-03-12 01:52:25.969055
637,389,197.167.17.225,iPhone,Millerfurt,Trade live standard sell.,2026-03-16 04:16:33.025131
638,976,43.119.99.189,Android,Alisonside,Already good either director.,2026-03-11 12:23:34.478626
639,294,114.218.178.0,iPhone,Blakemouth,Thank capital mother during similar worry.,2026-03-12 05:30:55.658684
640,279,65.163.10.21,Android,Allisontown,Any street can.,2026-02-14 04:15:20.220571
641,385,71.137.32.9,Android,Davisbury,Opportunity discuss firm line none.,2026-02-03 18:55:51.583786
642,175,144.117.35.171,iPhone,Melindachester,Approach relationship structure throw.,2026-01-02 11:40:29.317327
643,672,114.123.63.45,Laptop,East Brendaberg,Front now thought one necessary.,2026-02-21 10:15:21.967759
644,583,222.41.252.196,Laptop,Lake Lisahaven,Operation gun someone.,2026-02-17 01:39:32.454607
645,499,204.249.84.39,iPhone,Spencerberg,Look fight field.,2026-02-18 00:27:57.019095
646,103,29.224.198.163,iPhone,West Michaelbury,Cause election run result.,2026-03-20 06:33:10.726400
647,445,92.48.219.2,Tablet,Jasonburgh,Rich article evening.,2026-03-06 23:44:31.543864
648,675,159.167.115.66,Laptop,Margaretton,Happy force in.,2026-03-21 08:19:15.546939
649,682,119.188.243.24,Tablet,North Katherine,Capital goal could of religious wall.,2026-03-15 22:48:22.406761
650,211,77.218.150.196,Laptop,Diaztown,Follow each always range.,2026-01-09 12:55:02.781500
651,886,44.93.244.76,iPhone,Westfurt,Newspaper majority lawyer wish.,2026-01-04 12:55:56.709320
652,34,156.117.241.9,iPhone,Lake Theodoreborough,Music staff item yourself hope red.,2026-01-30 15:57:52.018677
653,79,161.124.148.52,Laptop,North Richard,Television sister fall.,2026-03-26 15:45:39.798453
654,718,102.192.245.83,Android,Terriberg,Several responsibility scene.,2026-02-01 18:41:14.466392
655,358,136.152.67.90,Tablet,Lake Curtismouth,Inside war onto.,2026-01-04 07:27:56.646043
656,335,174.109.239.17,Android,Port Brittney,Short pay news.,2026-01-15 14:58:39.106012
657,918,50.136.47.3,Tablet,Lake Justin,Follow offer mind own course more.,2026-02-01 07:27:00.676264
658,62,164.126.17.222,Tablet,Gregorychester,Fact similar building build as.,2026-03-31 07:58:50.887652
659,735,158.161.104.195,Tablet,Ericton,Civil positive ago.,2026-02-25 05:59:53.474851
660,705,3.166.148.158,Android,North Carrie,Realize fund interest standard office west.,2026-01-08 14:32:52.323003
661,188,96.154.246.45,Android,Lake Amandahaven,Me note message.,2026-01-17 12:21:22.966161
662,933,113.250.122.254,iPhone,Thomasmouth,Month hard behind environment.,2026-03-11 12:31:58.543776
663,409,137.46.227.155,Laptop,Haynesberg,Usually candidate once other set particular.,2026-03-21 22:16:51.558987
664,213,165.48.244.248,Tablet,Lake Jamie,Fund spend place budget ever.,2026-02-13 06:05:22.010503
665,818,102.212.179.75,Android,Dawsonfort,Kind there special message without argue.,2026-02-17 17:55:55.920187
666,744,151.217.255.254,Laptop,West Teresa,Run citizen society risk home thing.,2026-03-15 10:47:48.759144
667,455,142.252.66.247,Tablet,New Cameron,Minute health treatment.,2026-01-22 21:19:36.092748
668,89,74.182.15.93,Laptop,Michaelville,Management change population.,2026-02-23 09:23:57.131369
669,889,87.131.75.93,Laptop,Michaelberg,Improve create again ground.,2026-02-17 03:57:19.416906
670,427,59.51.45.184,Android,West Dakota,Room participant teacher.,2026-02-18 13:47:48.323604
671,466,184.221.29.96,iPhone,New Seanville,Even land stage.,2026-01-18 15:49:52.652801
672,631,113.250.127.143,iPhone,Carrieview,Toward local choose here why.,2026-01-26 17:18:59.372730
673,692,66.96.240.228,iPhone,Stephenchester,Third whom should.,2026-02-26 06:30:13.981583
674,555,187.165.88.170,Android,East Dianeborough,Response well life might stage.,2026-02-15 03:33:04.914693
675,799,95.25.30.109,Android,Stephaniebury,Certainly writer white.,2026-01-06 20:47:29.100637
676,919,174.227.99.68,Android,South Mark,Pull movement ground sign lot meeting.,2026-01-18 03:46:52.949361
677,240,34.67.81.63,iPhone,Lake Bryantown,Center outside big into concern save.,2026-03-17 15:00:35.054430
678,872,103.115.56.208,iPhone,South Theresa,Group raise crime letter personal.,2026-03-04 08:52:45.285778
679,347,38.173.93.128,Tablet,West Mike,Late surface worry professor small bar.,2026-01-10 01:39:41.343075
680,475,68.44.197.176,Android,Lake Ashley,Friend thank his.,2026-02-14 09:42:32.066317
681,782,139.216.132.249,Tablet,Pierceton,Answer better account several.,2026-03-06 12:46:54.697239
682,160,82.15.170.136,Laptop,East Tabithashire,Business mission all get.,2026-01-18 12:53:19.252134
683,630,7.184.132.24,Laptop,East Theresa,Painting break better fish reason.,2026-02-04 03:50:54.688210
684,303,186.172.29.52,Android,Port Victoria,Property throw forget.,2026-01-12 05:46:28.243427
685,558,35.137.153.87,Tablet,Williamtown,From sit book check everything increase.,2026-03-05 04:47:51.488485
686,957,115.124.1.205,Android,Lake Brenda,Fly suddenly sometimes glass staff evidence.,2026-03-20 08:54:15.377161
687,345,27.171.41.5,Tablet,Owenborough,Some same piece now.,2026-03-10 23:00:58.244889
688,215,211.83.228.217,Android,West Joelport,Night check difference foreign.,2026-02-15 16:58:53.257507
689,883,187.177.180.210,Android,Kevinmouth,Sometimes thank indeed.,2026-01-07 22:03:01.715372
690,275,96.216.221.30,iPhone,Stoneport,Skin data guess.,2026-02-28 16:59:47.524222
691,397,71.77.177.253,Laptop,New Isaiah,Popular until think coach long.,2026-03-06 07:05:00.830861
692,819,132.29.101.18,Laptop,East Pam,Business result according.,2026-02-07 13:48:18.893650
693,146,114.185.180.157,iPhone,East Janiceland,Through society manager itself.,2026-02-05 06:04:52.443583
694,46,15.159.23.133,Tablet,East Yvonnestad,Health benefit PM child student.,2026-02-18 03:53:55.137424
695,558,36.72.187.43,Laptop,Davisland,Industry produce difference himself.,2026-01-01 07:26:30.810326
696,320,56.53.8.79,Laptop,New Philip,Run staff eye thus fire effect.,2026-01-12 00:21:49.085876
697,773,130.44.34.181,Android,Kristinborough,Simple drive fine citizen.,2026-02-04 09:39:01.598213
698,724,34.207.245.104,iPhone,New Christina,Section sort southern.,2026-01-25 14:13:09.780828
699,786,83.222.41.62,Android,North Christopherside,Skin approach represent interview.,2026-02-07 21:47:26.064951
700,252,193.141.161.124,Laptop,South Jacobborough,Thing too draw.,2026-02-05 04:06:40.719029
701,970,191.9.24.137,Laptop,Turnerfurt,Happen thus across training.,2026-02-07 21:41:36.584535
702,532,149.200.140.160,Tablet,Steeleton,Candidate sense open.,2026-03-24 01:56:02.221346
703,930,106.139.222.197,Android,South Derek,Attorney window some arm.,2026-03-06 15:16:53.732014
704,349,196.148.235.162,Laptop,Kellystad,Require business need kitchen.,2026-02-07 00:52:03.842543
705,215,182.13.179.190,Laptop,Melissamouth,White worry south room author the.,2026-02-08 07:12:37.969611
706,509,143.228.48.15,Laptop,Abigailville,List room always without.,2026-03-09 21:45:33.982495
707,906,216.128.234.79,iPhone,Justinshire,Certain safe hold young.,2026-01-06 11:47:29.397466
708,745,136.9.185.73,Laptop,Christopherview,Person effort include choice.,2026-03-10 05:14:47.020905
709,694,156.252.59.44,iPhone,Ramirezton,Brother they activity nature.,2026-02-12 07:29:17.207009
710,698,66.187.3.62,Laptop,North James,Head impact prepare over step why.,2026-01-28 16:54:55.767962
711,332,47.148.108.161,Tablet,North Geraldshire,General couple machine born only.,2026-02-11 15:46:38.491073
712,60,25.4.152.7,Tablet,Jonathanmouth,Only outside space data owner.,2026-03-06 09:09:32.983211
713,255,93.62.33.191,Android,Troyton,Word morning heavy thank.,2026-01-05 22:43:41.136608
714,399,13.49.221.144,Tablet,Kennethshire,Field citizen real.,2026-02-17 21:30:20.773904
715,689,197.28.172.202,Laptop,New Jamesview,In action open child point.,2026-01-02 04:09:12.765781
716,606,70.190.215.137,Laptop,Stewartmouth,Add foot major personal.,2026-03-07 11:55:21.904482
717,791,172.229.21.156,Laptop,Grayborough,Before test they.,2026-03-10 22:28:03.409435
718,167,179.122.99.192,iPhone,Rachelside,Wish almost determine something natural by.,2026-02-07 18:32:28.392453
719,756,51.139.250.179,Laptop,Taylorbury,Grow buy else eat win.,2026-01-14 21:31:58.582199
720,844,161.170.212.56,Laptop,Lucasstad,Like watch continue religious quickly ago.,2026-02-17 14:01:23.658514
721,879,36.119.119.59,iPhone,East Karenberg,Long good major lay page ability.,2026-03-02 15:34:12.953179
722,427,81.183.185.193,iPhone,Riggsstad,Determine serve side really hospital walk.,2026-03-14 07:48:21.073727
723,785,84.154.27.107,Laptop,Heatherhaven,Popular player wonder same.,2026-01-11 11:06:23.984099
724,131,188.67.69.173,iPhone,Michaeltown,View road son suddenly himself community.,2026-03-20 05:52:30.947016
725,620,133.32.230.46,Laptop,Martinhaven,Rule throughout window term gun eight.,2026-03-18 17:40:20.066514
726,317,96.222.133.122,Android,Port Robert,Sometimes visit without program.,2026-01-30 19:44:47.854787
727,417,217.170.24.170,Android,Hatfieldside,Thought easy mention nice.,2026-01-22 03:46:55.944969
728,795,148.95.83.159,Tablet,North Michael,Pm organization wonder recent memory themselves.,2026-02-10 00:52:06.496671
729,323,117.74.225.70,iPhone,Christinetown,Customer meeting range sister without ask.,2026-03-14 18:45:28.078668
730,874,45.177.235.195,iPhone,Walshshire,Firm want plant see everyone notice.,2026-03-07 23:14:29.227778
731,812,96.8.210.16,iPhone,Richardchester,Nature reason effort task then.,2026-03-27 18:11:03.493016
732,818,126.65.103.188,Android,Christophermouth,Provide cover necessary.,2026-03-01 21:23:12.612528
733,582,202.18.162.233,Tablet,Danielberg,Letter themselves level stuff market.,2026-03-28 15:53:36.313686
734,377,183.37.72.220,Tablet,New Kimberly,However shake use.,2026-02-19 21:05:36.223053
735,616,202.195.51.207,iPhone,South Josephstad,Probably month time sense.,2026-03-17 21:00:12.513587
736,175,185.8.50.246,Tablet,South Joshua,Tonight general price war out dream.,2026-01-03 00:12:43.241074
737,851,177.92.87.82,Tablet,Crawfordtown,Serious member somebody beyond future.,2026-01-30 19:05:45.282345
738,649,165.56.151.217,iPhone,Port Ericton,Become effect run.,2026-02-27 13:44:45.995835
739,945,16.233.22.178,Tablet,Jasonmouth,Industry full can sister final production.,2026-01-31 09:40:38.713135
740,60,220.98.116.227,Tablet,West Jamie,Begin purpose get drug.,2026-03-12 17:08:37.569342
741,606,59.102.199.23,iPhone,North Scott,Oil against government night include together.,2026-01-30 20:37:19.342788
742,890,39.80.6.12,Laptop,Port Destinyfurt,System pay interest price ground.,2026-01-27 17:08:32.896213
743,903,59.226.125.81,Laptop,Johnsonmouth,As really probably cell black.,2026-03-15 20:05:21.572833
744,172,73.213.95.111,iPhone,Josephville,Little region he training anything on.,2026-02-24 04:26:07.999133
745,294,167.234.32.182,Tablet,South Christopherland,Increase certain special police down.,2026-03-10 08:07:11.492459
746,805,206.229.125.240,Android,Benjaminhaven,Cover force social.,2026-02-09 03:43:46.320570
747,728,13.194.153.61,Laptop,Port Andrew,Close above teacher but big.,2026-01-07 16:27:17.739369
748,906,171.78.200.84,Laptop,Port Kaitlyn,Learn subject positive ago real.,2026-01-25 18:01:02.820493
749,175,107.249.2.177,Tablet,Port Matthewland,Nice off quality human reach.,2026-03-07 16:40:56.941896
750,271,103.169.184.66,Android,Lake Linda,Compare term central.,2026-03-04 14:32:47.414097
751,773,157.132.248.146,Laptop,Meganside,Name anyone wrong rock mind.,2026-03-24 00:41:34.988631
752,759,209.82.15.114,Android,North Carlamouth,None free open certainly.,2026-02-22 17:36:53.261814
753,488,168.12.245.5,Tablet,Port Lynn,Election list husband.,2026-01-22 16:28:41.489044
754,706,140.251.22.248,iPhone,Joshuaberg,Theory avoid health.,2026-02-10 12:37:45.916861
755,670,130.173.157.104,Tablet,Port Kimberly,Through play develop.,2026-03-05 10:53:35.910418
756,737,66.140.67.51,iPhone,North Terrihaven,Beat though southern chair.,2026-03-15 07:10:21.151309
757,355,194.42.30.246,Tablet,Anthonyhaven,Collection military across character member happen.,2026-01-14 12:19:01.705360
758,402,134.237.117.25,Laptop,South Alexis,Real activity run daughter.,2026-01-16 23:53:11.977566
759,10,136.48.226.228,Laptop,Vargashaven,Wait Mrs remember.,2026-02-04 12:04:59.688175
760,502,192.23.90.139,Tablet,North Margaret,Determine imagine perhaps per approach.,2026-03-07 14:18:45.954765
761,515,149.219.42.22,Tablet,South Edwardburgh,Line agree camera.,2026-01-29 18:45:41.629336
762,8,115.109.169.121,Tablet,West Katherine,Something some position impact.,2026-01-15 04:58:14.636638
763,236,83.242.172.174,iPhone,Pamelachester,Music other eye.,2026-03-01 09:46:03.625651
764,266,218.21.82.251,Android,Smithmouth,Develop fast involve.,2026-03-07 13:41:17.733207
765,997,103.245.79.128,Tablet,Helenstad,Table blue their.,2026-03-02 17:28:55.778742
766,804,24.169.201.36,iPhone,Port Jeffrey,Address nearly to.,2026-02-14 06:04:21.916862
767,286,173.228.221.61,Laptop,Simsville,Rule score bar.,2026-03-18 22:10:17.884324
768,373,174.24.84.93,iPhone,North Thomas,Change easy suddenly religious standard.,2026-01-14 20:57:20.294512
769,571,142.130.206.142,Laptop,South Madison,Success positive third by.,2026-03-12 11:52:08.107182
770,889,217.182.72.166,iPhone,West Jessica,Place pull then environment.,2026-01-13 12:07:12.618261
771,11,119.39.24.254,iPhone,Mitchellchester,Scientist service force.,2026-03-17 16:40:12.856110
772,127,47.201.205.179,iPhone,Lake James,War do authority member trip.,2026-03-30 13:16:19.892461
773,390,196.101.190.117,iPhone,Nicholasmouth,Travel tree training can.,2026-03-16 12:41:25.603859
774,779,71.176.229.198,Laptop,Ryanmouth,Old food crime eat.,2026-01-02 11:45:03.098887
775,360,1.140.47.93,Tablet,New Jordanton,Fire available relate.,2026-03-09 13:32:41.807913
776,18,13.186.218.182,iPhone,Paulburgh,Task yard will.,2026-01-31 12:39:07.593262
777,601,41.188.215.98,Android,North Patrick,Almost attorney type.,2026-01-04 00:48:25.136327
778,53,109.128.245.235,Android,Marcland,Ability receive police.,2026-03-04 22:57:22.682835
779,400,186.154.191.103,Android,Williamshaven,Pattern country employee what mouth upon.,2026-01-28 05:08:14.912308
780,558,97.207.239.142,Tablet,Howellfort,Current foot final future dog shake.,2026-01-11 23:17:27.026734
781,513,56.216.64.218,Tablet,Nelsonland,Indicate front sense.,2026-02-17 20:46:35.827506
782,219,71.47.64.69,iPhone,East Laurenville,Notice three her remain parent local.,2026-01-15 22:06:13.793960
783,556,53.155.169.254,Laptop,Gonzalezshire,Cover last international.,2026-02-13 12:42:37.554155
784,564,33.174.102.8,Laptop,Juliefort,Upon beat free fine forget.,2026-01-07 08:22:33.076356
785,346,166.125.51.22,Android,Heathershire,Because not though design.,2026-01-03 22:08:38.390091
786,333,90.115.46.110,iPhone,Dennisside,Apply choose social realize still.,2026-01-12 23:12:36.768669
787,782,109.10.104.84,iPhone,Port Barbara,According machine money idea if everybody.,2026-01-14 14:44:46.824624
788,795,189.164.85.154,Laptop,Lake Tammyhaven,Pattern part environmental.,2026-03-26 06:51:21.426702
789,749,197.219.15.211,Laptop,Maryland,Article beat entire force ready.,2026-02-14 17:59:05.222390
790,39,143.123.204.116,iPhone,West John,Listen through industry left.,2026-02-12 21:51:42.150343
791,330,174.161.102.128,iPhone,West Matthewmouth,Simple under under while body sense east.,2026-03-24 10:22:13.411270
792,41,61.40.128.47,Laptop,Davidville,Off particularly marriage teach product.,2026-02-12 17:20:18.006047
793,412,144.176.241.190,iPhone,East Johntown,Bag design class.,2026-03-18 13:26:50.277907
794,732,65.142.157.204,Android,Christopherborough,Almost economic nearly according full which.,2026-03-02 02:24:02.085648
795,48,120.64.123.96,Android,Lake Michelle,Year glass day.,2026-02-25 16:39:53.664537
796,544,218.122.89.230,Android,South Molly,Think consider mouth where scientist suffer.,2026-01-28 14:46:12.633164
797,467,92.124.214.66,iPhone,New Joshua,Up civil paper.,2026-02-27 19:07:03.065547
798,192,128.120.117.42,iPhone,West Mary,Receive quality music whom.,2026-03-10 23:47:46.390670
799,384,129.226.152.54,iPhone,Lake Belindaburgh,Risk change wear look.,2026-01-22 05:10:37.205640
800,226,193.7.167.170,Tablet,Williamsville,Easy across money.,2026-01-17 16:33:09.973975
801,316,39.58.182.101,Android,New Laura,Store cup standard should open side.,2026-02-09 14:42:33.753758
802,487,193.151.147.51,Tablet,East Samuel,Behind star method agency full.,2026-02-01 22:26:26.219990
803,683,205.223.16.196,Laptop,Lake Roger,How rule either.,2026-01-06 19:58:45.780687
804,197,79.26.14.128,Laptop,Lloydbury,Return until her walk discover theory.,2026-03-14 16:15:37.228022
805,590,220.117.26.37,Tablet,New Travisburgh,Mission modern scene usually suggest.,2026-02-13 17:01:57.264638
806,532,57.147.25.215,Laptop,Goldenborough,Under he budget treatment affect southern science.,2026-02-20 19:57:26.483528
807,279,51.252.230.154,iPhone,Lake Michael,Spring young start describe man.,2026-01-08 07:56:48.120558
808,60,205.91.140.207,Laptop,Chapmanmouth,Population they sea officer blood.,2026-01-13 23:20:35.092600
809,52,103.109.192.196,Android,Williamhaven,Far blue past class thus.,2026-01-19 01:24:07.602491
810,534,158.109.200.140,Tablet,Lake Sydney,Respond situation rock crime rule.,2026-03-24 08:06:52.128410
811,825,92.199.29.26,Android,Mendozaside,Matter our various able kind create current.,2026-01-24 14:06:15.790011
812,659,207.86.249.201,Android,Bernardhaven,Sort land campaign he few.,2026-03-14 16:02:14.705166
813,198,222.226.79.178,iPhone,South Kevinton,Subject church word against a.,2026-02-26 14:44:18.404015
814,428,172.172.179.231,Android,New Richard,Long finally environment tax these until.,2026-01-14 18:23:04.449018
815,694,112.44.24.189,Tablet,West Walter,Key same technology.,2026-03-07 19:32:20.031152
816,648,142.108.22.117,Tablet,South Janet,Room and serve consider.,2026-01-05 16:37:33.590235
817,39,193.227.245.163,Android,Matthewland,Order hope suddenly each.,2026-01-01 01:33:38.767899
818,324,212.161.89.224,Laptop,Lake Laura,College morning note perhaps leader.,2026-01-19 11:42:29.931283
819,610,97.200.254.161,Tablet,North Heiditon,Staff same main.,2026-03-09 10:51:01.118227
820,19,39.237.42.9,iPhone,Stevenstown,Sense idea wait increase be.,2026-02-02 15:23:14.605505
821,944,176.210.48.165,Android,Mercerberg,Law lay present.,2026-01-28 16:22:17.762107
822,479,183.165.98.222,iPhone,Port Arthurberg,Staff follow mean high before.,2026-01-26 23:12:09.608711
823,553,209.254.96.98,Laptop,North Jonathanton,Much enjoy walk during current.,2026-03-13 05:05:41.204498
824,635,39.215.120.213,Tablet,Ashleyport,Floor already executive hold leg thus.,2026-03-15 19:08:03.729759
825,230,156.188.72.60,Android,Aarontown,Adult form appear structure.,2026-01-19 20:42:57.940080
826,576,65.78.245.163,Laptop,North Sherry,Card parent hope candidate.,2026-03-06 16:48:40.429556
827,456,171.108.247.184,iPhone,Wrightmouth,Star pattern human few.,2026-01-18 23:03:36.103427
828,706,136.140.0.111,Laptop,Petertown,Tell he first argue whatever but.,2026-03-16 20:06:36.625235
829,548,4.171.26.103,Tablet,South Kyleburgh,Consumer first senior.,2026-01-28 04:54:54.574416
830,544,112.178.181.188,Android,Kelleyland,Fly interesting walk glass.,2026-01-31 15:05:32.664256
831,455,88.95.166.130,Laptop,Millerside,Right response tonight house stop little.,2026-02-02 11:34:06.046613
832,703,155.187.56.53,iPhone,Nguyenton,Send involve far seem discuss.,2026-03-23 01:38:45.685470
833,584,159.110.120.201,Android,Woodberg,Population rest now unit magazine.,2026-01-03 16:28:08.907020
834,912,64.180.41.213,Tablet,Caseychester,Value image care sure kitchen.,2026-03-07 03:35:42.143625
835,873,32.168.38.239,Tablet,Lake Oscartown,Government lose try admit doctor.,2026-03-25 15:11:07.832402
836,651,118.201.227.145,Android,Reginaberg,Box might rate from determine discover.,2026-01-02 12:30:58.288325
837,402,132.31.84.188,Laptop,West Michelleland,Simple and national trip will.,2026-02-15 07:05:28.976152
838,396,159.83.188.253,Android,Petersonshire,How heavy effort world.,2026-02-22 09:59:00.480480
839,61,142.71.254.255,Android,West Whitney,Serious for owner.,2026-02-27 03:23:52.130051
840,812,114.131.164.170,Android,Cherylburgh,Exist carry choose economic prevent box.,2026-01-03 10:17:29.833094
841,150,104.128.167.133,Laptop,West Jenniferborough,Class short parent tonight about system.,2026-03-11 09:24:16.934177
842,124,65.147.138.106,Android,South Robert,Answer house catch hand poor.,2026-02-01 17:22:32.913914
843,140,25.44.67.49,iPhone,Travisburgh,Song whom million adult exist tell.,2026-01-07 12:04:21.023676
844,754,147.92.203.75,Android,East Chloeside,Require establish college technology ten window.,2026-02-06 15:32:03.941517
845,847,80.169.8.179,iPhone,Fieldsville,Himself include lay woman bag.,2026-01-09 20:51:52.376630
846,192,14.51.69.159,Laptop,Carrview,Tree notice hair.,2026-03-02 07:38:50.367763
847,536,34.215.51.244,Tablet,North Mary,Hour record force author.,2026-01-15 02:56:03.992007
848,855,135.189.16.63,iPhone,Karenmouth,Organization your think front.,2026-03-01 23:07:23.963737
849,683,109.189.208.77,Laptop,Patriciahaven,Mr his computer save lawyer letter.,2026-02-19 13:55:57.390815
850,705,54.135.94.219,Laptop,New Angelaberg,Push fund boy agreement hear.,2026-03-03 17:13:09.570180
851,993,123.62.45.241,Laptop,West Timothy,Which record foreign.,2026-03-14 07:33:31.108650
852,508,56.56.187.238,Laptop,Reidton,Stay him mention accept seven.,2026-01-06 12:15:04.768003
853,810,133.46.163.175,iPhone,Ralphton,Recognize home group.,2026-02-11 11:17:33.443871
854,995,88.140.75.118,Laptop,South Elizabeth,These reflect hope officer part.,2026-03-06 16:22:13.648289
855,733,222.202.206.159,Laptop,Jacquelineside,Sense physical somebody investment.,2026-01-24 05:44:29.244487
856,135,87.91.199.12,Android,Travisburgh,Scientist staff dream several economic be.,2026-02-01 04:35:27.306390
857,7,137.24.175.228,Laptop,Millerton,Kind phone yet believe interview ok.,2026-03-18 17:14:13.932414
858,424,23.40.118.163,iPhone,Cindystad,Only include read city the.,2026-03-22 01:13:42.886330
859,661,151.128.50.33,iPhone,West Donald,South professional natural evidence important.,2026-03-18 15:41:02.251716
860,290,208.149.152.12,iPhone,Carrillostad,Really no throw.,2026-03-11 23:19:10.199227
861,77,85.86.226.189,Laptop,Lake Elizabethhaven,Year attack what.,2026-01-16 07:56:19.420869
862,87,137.131.0.83,Laptop,Ericaside,Day money food.,2026-02-22 16:17:55.680616
863,945,100.253.225.42,Tablet,North Shane,Maintain race ground central nice.,2026-02-21 02:03:38.937710
864,444,120.202.90.85,iPhone,Toddberg,Smile citizen agency.,2026-02-08 20:08:48.316685
865,903,204.199.45.152,Laptop,South Johnton,Else add north whom tend year.,2026-03-22 11:51:37.556521
866,5,112.171.200.89,iPhone,North Julie,Detail want speak laugh.,2026-03-22 06:34:57.709378
867,243,161.223.25.199,Android,Clarkbury,Land during factor building performance program.,2026-02-11 20:54:40.290453
868,524,100.25.163.11,Android,Smithfort,Occur very buy.,2026-02-01 03:01:00.452798
869,738,111.96.86.214,Tablet,East Mackenzieshire,Treatment sometimes travel again us production.,2026-01-16 11:37:29.303483
870,544,34.189.23.233,Android,Lake Josephborough,Medical weight together.,2026-03-26 06:28:07.454392
871,75,169.44.109.19,iPhone,Port Deborahshire,Family effort full now.,2026-03-04 13:51:34.093890
872,640,72.181.81.192,Android,Juliefurt,Yourself participant conference fill thing.,2026-03-16 22:03:47.355688
873,231,31.188.86.236,Laptop,Port Adam,Look six old.,2026-01-05 11:40:12.487810
874,517,147.201.210.165,iPhone,Louisfurt,Key despite such but bag view.,2026-03-01 20:08:13.205997
875,881,101.88.6.15,iPhone,Lake Jamesmouth,Allow bad list beautiful.,2026-02-19 02:56:27.736300
876,674,133.177.227.249,Android,Pageborough,Certain various sing part.,2026-03-09 18:07:56.072638
877,83,180.96.198.114,Android,Lake Crystalberg,Ready TV agent sing big.,2026-01-11 21:21:38.030704
878,86,191.176.20.172,Android,Port Jason,Party decide popular organization candidate.,2026-03-25 04:01:39.572630
879,87,91.145.232.217,Android,Williamsside,Could pressure a professor but attack.,2026-01-15 22:44:47.946018
880,821,23.108.35.46,Tablet,Limouth,Whom direction tree.,2026-02-08 10:17:15.471822
881,399,122.21.67.137,Tablet,Newmanborough,Nearly southern society later foot.,2026-03-16 10:22:38.233425
882,964,133.157.51.147,Android,Mcguireberg,Main trip accept green nor home.,2026-03-25 22:48:02.432932
883,688,211.80.130.213,Android,Port Robinfort,Happy list also.,2026-03-04 03:50:18.268172
884,975,3.20.91.167,Laptop,Stephaniefurt,Serious feeling parent attorney box.,2026-03-09 17:42:17.526340
885,921,105.103.16.4,Android,Sherryfurt,Watch house large very do.,2026-02-05 06:10:47.175361
886,892,7.184.242.174,iPhone,Stevenborough,Down fast sound ten condition stand.,2026-02-28 05:05:01.895718
887,24,120.8.178.59,Android,Jillberg,Recognize computer about white international.,2026-03-12 04:55:41.140199
888,297,35.255.110.74,iPhone,New Thomas,Minute get scientist.,2026-03-19 07:32:59.321003
889,257,102.127.230.80,Android,West Brianborough,Ask economic theory big usually people.,2026-03-09 21:13:37.170831
890,44,73.75.68.185,Laptop,Bennettville,Benefit job wind treatment charge.,2026-02-11 19:40:51.194287
891,232,24.156.239.6,Laptop,Shannonview,Want know day.,2026-02-10 13:23:57.124654
892,709,29.34.6.111,Laptop,East Christopher,Cause activity position above.,2026-01-05 05:21:53.875299
893,786,154.178.192.18,iPhone,East Melissaview,Former away actually dinner cultural.,2026-02-08 14:50:10.143721
894,332,3.65.6.161,Android,Shannonmouth,Out center everyone.,2026-01-19 07:45:44.904303
895,362,23.17.206.9,Laptop,West Jocelynbury,Involve seek oil strong.,2026-01-16 00:10:47.316832
896,162,93.104.207.108,Android,Christinaburgh,Court support seat next while.,2026-01-21 18:37:41.956038
897,436,199.193.119.61,Android,North Melissa,Across article next and already from.,2026-02-02 19:16:12.398712
898,774,80.170.63.53,Android,West Cherylchester,Everybody little capital.,2026-01-22 11:57:51.889351
899,806,126.185.43.49,Tablet,Stanleytown,Suffer manage someone situation picture.,2026-03-17 03:15:03.725984
900,26,187.57.214.33,Tablet,South Roberthaven,Unit still prepare add.,2026-03-26 12:48:22.213449
901,344,153.158.50.191,Android,South Jason,Team similar account.,2026-02-20 17:08:31.571764
902,924,170.76.167.107,Android,West Kathryn,Sell hour better.,2026-01-01 20:58:20.260555
903,477,88.121.142.60,iPhone,Careyberg,Democratic ago today discuss keep hard.,2026-03-01 10:05:01.334372
904,85,119.69.13.80,iPhone,Lake David,Visit fear her recognize class state.,2026-03-22 18:19:52.595224
905,757,19.1.165.147,Android,West Laurafort,Plan home worry service.,2026-01-23 10:32:55.626290
906,58,190.222.18.156,Tablet,Donaldsonmouth,Clear let choose.,2026-03-17 22:14:21.001735
907,478,180.184.174.153,iPhone,East Jonathanshire,Economic receive onto college.,2026-01-10 21:31:01.119895
908,93,92.176.4.198,iPhone,Conleyfurt,Minute capital control show.,2026-01-26 22:20:30.983693
909,528,13.0.118.135,iPhone,New John,Cover few drop yourself thus.,2026-02-12 09:59:30.555322
910,544,120.92.141.253,iPhone,North Andrew,Democratic reach successful.,2026-02-10 11:31:04.860793
911,181,86.57.199.74,iPhone,Amandamouth,Support ability put lose.,2026-01-07 03:43:05.052888
912,293,92.23.245.127,Android,Lindseychester,Outside necessary scene I everything.,2026-03-22 10:47:22.943117
913,653,205.21.27.180,Android,Port Sharon,Agent and as rich theory.,2026-03-19 05:10:18.953760
914,314,214.131.62.175,Tablet,West Sarah,East that law able sing.,2026-01-06 03:28:53.018013
915,221,102.204.49.145,Laptop,Curtismouth,Never per yes.,2026-03-17 23:41:41.444031
916,590,178.128.93.124,iPhone,Lake Rachel,Land less local.,2026-01-25 00:29:18.770396
917,29,198.99.5.208,Android,Dianahaven,On huge list.,2026-02-04 00:38:57.335490
918,442,49.195.172.11,Android,Coxchester,Choose some act with form buy.,2026-01-12 01:05:07.869385
919,592,148.112.128.195,iPhone,East Allison,Compare ready talk.,2026-03-22 14:02:50.455041
920,313,214.224.196.28,Android,New Ricky,Tonight man fact American Mrs.,2026-02-17 03:51:29.345247
921,913,72.100.54.89,Laptop,Ortizberg,Book much no.,2026-01-10 10:13:10.561486
922,86,21.167.60.130,Laptop,Shafferton,Left tend music.,2026-02-11 05:41:36.212861
923,614,98.142.0.252,Laptop,Lisamouth,Hear stuff how event military ground.,2026-01-09 02:11:37.860991
924,142,167.89.215.20,iPhone,Russellland,Thank require line they bar them.,2026-02-10 18:31:41.079370
925,632,160.241.178.83,Tablet,Jennifershire,Somebody chance north may generation.,2026-03-07 03:28:08.929951
926,913,196.62.199.25,Laptop,Mannstad,Per occur year ground fall.,2026-03-29 15:12:20.366683
927,488,69.27.163.18,Laptop,New Timothy,Remember single product region treat.,2026-03-15 02:47:35.076432
928,863,114.231.203.15,Android,West Bradleyfurt,Yard fact industry this claim ball.,2026-01-03 19:19:29.538651
929,623,181.72.114.15,iPhone,Lake Rachelport,Bring continue agent word drive east.,2026-03-06 19:40:13.804086
930,124,72.205.47.17,iPhone,Stephanieport,Similar listen life glass really four.,2026-01-04 19:58:28.866699
931,401,168.54.185.71,Laptop,Tylerchester,Rock parent though few strong.,2026-01-18 14:14:14.267390
932,124,51.41.147.40,Laptop,Alecberg,Message relationship draw.,2026-03-02 07:20:07.142202
933,740,18.86.86.176,Laptop,Brandyfurt,Stock again pay the fire clear.,2026-02-04 11:15:07.690464
934,634,215.217.39.68,iPhone,North Robertberg,Billion increase side recently.,2026-01-05 03:49:29.131903
935,438,12.154.229.92,Laptop,Villanuevamouth,Cold whom professor.,2026-02-09 02:41:03.902012
936,831,149.78.89.106,Android,Abigailshire,Maintain born level.,2026-01-25 12:57:32.401902
937,251,212.196.15.40,Tablet,Lake Samantha,Current field ground least provide.,2026-02-25 19:32:08.799424
938,706,207.133.164.123,Laptop,West Elizabeth,Ready left better.,2026-02-25 08:02:30.413150
939,252,136.243.198.185,Tablet,Lorifort,City challenge cold study upon.,2026-01-10 22:17:47.538436
940,67,71.196.0.9,Tablet,Robinmouth,Positive very main I.,2026-02-24 03:16:06.048914
941,377,70.224.201.171,iPhone,Jasonport,Add alone talk.,2026-03-09 00:15:43.243152
942,933,167.241.252.247,Android,Davidberg,Glass exactly data.,2026-01-10 07:08:57.455701
943,410,72.169.57.233,Tablet,South Ryanchester,Difference drug available food oil.,2026-02-15 00:21:41.238843
944,153,72.152.109.16,Laptop,West Ricardofort,Likely population whom player maintain.,2026-03-06 09:36:49.639696
945,397,88.119.18.174,Android,Victoriastad,Task window your smile turn instead.,2026-02-03 01:17:41.674368
946,234,17.111.245.229,Tablet,Paulachester,Chair course company into stand.,2026-02-13 04:55:26.814885
947,411,109.224.96.73,Laptop,Toniton,National put nothing.,2026-01-04 14:01:45.790529
948,404,162.253.255.22,Laptop,New Benjamin,Quality head deep picture others.,2026-02-13 15:11:13.308862
949,905,24.174.99.12,Tablet,East Jose,Still identify team ago exactly gun.,2026-02-06 13:11:02.343980
950,643,75.212.191.246,Laptop,Gregorymouth,Team story do country scene.,2026-02-21 16:10:01.348360
951,973,170.16.239.198,Tablet,New Pamela,Wall western image you.,2026-03-28 03:46:23.211276
952,487,217.204.171.233,Tablet,West Juan,Trip go work.,2026-01-09 03:30:56.921014
953,141,155.153.195.248,Laptop,Jessefort,Different mention without half theory discover.,2026-01-30 00:56:38.479249
954,972,94.166.20.11,Android,Port Kaitlin,Along believe much.,2026-02-24 09:53:33.006593
955,261,81.128.159.208,Android,Cobbtown,Its soon difference example century.,2026-01-26 13:35:13.278162
956,209,95.178.122.59,Tablet,Reneeland,Cultural total guy explain black.,2026-02-02 09:21:46.573054
957,648,97.50.5.2,iPhone,Reneetown,Value enjoy morning leader according.,2026-02-24 15:12:31.914821
958,366,105.0.138.84,Laptop,Lake Heather,Me myself station some.,2026-02-19 03:35:11.903396
959,890,29.187.16.90,Tablet,Caseyfurt,Discover whether husband money cup.,2026-01-10 21:10:51.825838
960,531,216.27.95.165,Laptop,South Lauraport,Degree experience condition attorney job off.,2026-03-08 21:46:23.133191
961,186,48.56.1.146,Tablet,Perezfurt,Public others sister.,2026-01-15 12:02:58.849060
962,47,123.132.100.15,Laptop,Rodriguezborough,Mr pattern expert tonight bar.,2026-01-05 20:03:34.494082
963,226,168.72.57.164,iPhone,Gabriellaside,Threat item write item.,2026-02-17 09:25:44.787842
964,641,114.107.33.114,Tablet,East Tiffanyfort,Book pay reflect next early.,2026-01-08 16:19:08.347200
965,783,89.55.36.249,Android,Lake Brittany,Will seat ago clear.,2026-01-12 02:17:41.901831
966,742,214.96.193.163,Laptop,Loriton,Quickly relate impact resource shoulder everybody.,2026-03-17 14:00:21.972528
967,512,29.38.116.93,Android,Christopherbury,Chance similar west each accept his.,2026-03-03 15:20:18.218256
968,930,69.123.99.171,Tablet,Port Kellyshire,Sort however model eat last.,2026-01-12 08:30:17.669507
969,501,56.214.160.163,Laptop,West Natalie,Me program music.,2026-01-31 09:52:39.349237
970,578,61.182.129.4,iPhone,Raymondfort,Produce leader who all author feel.,2026-01-22 06:14:16.918096
971,658,125.35.37.251,iPhone,South Brandontown,South commercial reflect according stop type.,2026-02-09 15:59:13.030616
972,792,89.9.231.164,Android,Crossmouth,Kind north fund past.,2026-03-05 12:11:29.598026
973,693,13.99.35.37,iPhone,Tonyastad,Partner each defense.,2026-03-15 08:19:47.011186
974,369,124.115.172.32,Tablet,Emilychester,Star west before paper sure.,2026-03-26 05:33:19.191569
975,259,57.212.162.78,Tablet,Lake Jefferychester,Environmental prove certain society.,2026-03-14 07:51:42.242059
976,727,113.156.225.245,Laptop,Gonzalezmouth,Baby answer group.,2026-03-26 18:40:07.580319
977,826,176.222.27.163,iPhone,Rachelberg,Mention choice wind peace leave open.,2026-01-23 23:34:29.308638
978,202,56.5.226.161,iPhone,Loriport,End become design could audience.,2026-01-03 03:50:39.290113
979,546,214.144.182.233,iPhone,Catherineside,You mention response.,2026-01-05 17:14:16.484831
980,466,203.206.116.75,Laptop,East Deborah,Stock win bag.,2026-03-16 19:35:43.582482
981,243,151.82.163.54,iPhone,Kimberlyfurt,Mission town think fear next.,2026-03-15 05:33:50.686960
982,692,35.41.172.253,iPhone,Port Holly,Price opportunity watch policy ability.,2026-01-15 21:27:21.380488
983,99,8.212.115.4,iPhone,Morganfort,Mother where happy woman sort election.,2026-03-23 05:27:00.664546
984,168,220.95.201.44,Laptop,Ballardmouth,Tough hear region.,2026-02-02 20:17:20.751511
985,191,53.48.105.239,Laptop,Williamsmouth,Blood important American write half.,2026-02-20 16:45:43.886148
986,252,97.28.109.253,Laptop,Hayestown,Environment sit action.,2026-03-09 21:53:15.079190
987,672,135.125.165.101,Tablet,North Ericport,Goal detail pressure really Mr.,2026-03-21 12:54:46.038928
988,436,154.0.91.173,Laptop,South Vickiehaven,Chair oil character although impact.,2026-02-21 18:25:10.990077
989,967,149.70.60.22,iPhone,East Stephen,Add themselves prevent position wide.,2026-01-31 14:00:39.480031
990,79,116.79.35.70,Tablet,Lisaland,Method partner always while role.,2026-03-13 16:56:44.304011
991,295,176.182.194.242,Tablet,Lake Wendy,Company here yard performance discussion.,2026-02-21 03:22:10.306612
992,889,223.73.237.22,iPhone,Luisbury,Write pretty parent despite spring answer society.,2026-03-24 21:18:05.896503
993,197,133.187.226.238,Android,Angelahaven,Management name these bring.,2026-03-27 20:47:45.435741
994,628,74.135.255.131,Laptop,West Sheila,Result eat very kid reality administration.,2026-03-03 16:26:43.922678
995,28,115.13.93.207,iPhone,Carterview,Mrs cup safe.,2026-03-15 22:31:37.058243
996,234,180.247.100.126,iPhone,North Craig,Still short election.,2026-01-26 18:35:56.139301
997,634,46.93.234.225,iPhone,South Madisontown,Subject attorney stage continue once.,2026-02-07 13:30:20.900493
998,124,147.115.7.84,Tablet,Arnoldmouth,Left set through power concern my.,2026-01-05 17:13:13.944258
999,17,165.190.113.19,iPhone,South Megan,Human floor apply half care less.,2026-03-27 14:35:05.054701
1000,219,140.53.3.216,Android,Allenton,Accept would activity our.,2026-02-17 01:54:20.319618
